prolific_pid,participant_id,block,trial,trial_in_block,video_present,offer_up,offer_down,choice_card,choice_key,rt,reward,p_win_chosen,p_win_up,p_win_down,coins_delta,coins_total,screen_id,window_status,is_correct,reward_oneback,stay_card,stay_key
6a13609ea98420f68a5b7f0c,3ey8b6of,1,1,1,false,3,2,3,up,569,loss,0.5575,0.5575,0.6846,-1,-1,main_trial,ok,0,NA,NA,NA
6a13609ea98420f68a5b7f0c,3ey8b6of,1,2,2,false,4,1,1,down,628,loss,0.3906,0.6494,0.3906,-1,-2,main_trial,ok,0,loss,0,0
6a13609ea98420f68a5b7f0c,3ey8b6of,1,3,3,false,4,2,4,up,479,loss,0.6439,0.6439,0.6936,-1,-3,main_trial,ok,0,loss,0,0
6a13609ea98420f68a5b7f0c,3ey8b6of,1,4,4,false,1,3,3,down,421,win,0.6068,0.2671,0.6068,1,-2,main_trial,ok,1,loss,0,0
6a13609ea98420f68a5b7f0c,3ey8b6of,1,5,5,false,3,2,3,up,682,win,0.5961,0.5961,0.7427,1,-1,main_trial,ok,0,win,1,0
6a13609ea98420f68a5b7f0c,3ey8b6of,1,6,6,false,2,4,2,up,1572,win,0.8064,0.8064,0.4925,1,0,main_trial,ok,1,win,0,1
6a13609ea98420f68a5b7f0c,3ey8b6of,1,7,7,false,3,1,3,up,785,win,0.6597,0.6597,0.2325,1,1,main_trial,ok,1,win,0,1
6a13609ea98420f68a5b7f0c,3ey8b6of,1,8,8,false,4,1,1,down,1167,win,0.2378,0.4538,0.2378,1,2,main_trial,ok,0,win,0,0
6a13609ea98420f68a5b7f0c,3ey8b6of,1,9,9,false,3,4,3,up,609,loss,0.6018,0.6018,0.4914,-1,1,main_trial,ok,1,win,0,0
6a13609ea98420f68a5b7f0c,3ey8b6of,1,10,10,false,3,2,2,down,437,win,0.8323,0.7109,0.8323,1,2,main_trial,ok,1,loss,0,0
6a13609ea98420f68a5b7f0c,3ey8b6of,1,11,11,false,2,3,3,down,346,win,0.6813,0.802,0.6813,1,3,main_trial,ok,0,win,0,1
6a13609ea98420f68a5b7f0c,3ey8b6of,1,12,12,false,2,1,1,down,737,win,0.3862,0.832,0.3862,1,4,main_trial,ok,0,win,0,1
6a13609ea98420f68a5b7f0c,3ey8b6of,1,13,13,false,2,3,2,up,498,win,0.8502,0.8502,0.6252,1,5,main_trial,ok,1,win,0,0
6a13609ea98420f68a5b7f0c,3ey8b6of,1,14,14,false,1,2,2,down,554,loss,0.8042,0.3401,0.8042,-1,4,main_trial,ok,1,win,1,0
6a13609ea98420f68a5b7f0c,3ey8b6of,1,15,15,false,4,1,4,up,470,win,0.4136,0.4136,0.3094,1,5,main_trial,ok,1,loss,0,0
6a13609ea98420f68a5b7f0c,3ey8b6of,1,16,16,false,4,1,4,up,2803,win,0.508,0.508,0.3365,1,6,main_trial,ok,1,win,1,1
6a13609ea98420f68a5b7f0c,3ey8b6of,1,17,17,false,2,1,1,down,439,loss,0.4368,0.7805,0.4368,-1,5,main_trial,ok,0,win,0,0
6a13609ea98420f68a5b7f0c,3ey8b6of,1,18,18,false,4,2,4,up,164,loss,0.552,0.552,0.7827,-1,4,main_trial,ok,0,loss,0,0
6a13609ea98420f68a5b7f0c,3ey8b6of,1,19,19,false,2,4,4,down,1337,win,0.5486,0.7285,0.5486,1,5,main_trial,ok,0,loss,1,0
6a13609ea98420f68a5b7f0c,3ey8b6of,1,20,20,false,2,3,3,down,388,win,0.6772,0.7408,0.6772,1,6,main_trial,ok,0,win,0,1
6a13609ea98420f68a5b7f0c,3ey8b6of,1,21,21,false,2,4,4,down,923,win,0.5563,0.8428,0.5563,1,7,main_trial,ok,0,win,0,1
6a13609ea98420f68a5b7f0c,3ey8b6of,1,22,22,false,1,3,3,down,692,win,0.6901,0.3438,0.6901,1,8,main_trial,ok,1,win,0,1
6a13609ea98420f68a5b7f0c,3ey8b6of,1,23,23,false,2,1,1,down,375,win,0.345,0.8961,0.345,1,9,main_trial,ok,0,win,0,1
6a13609ea98420f68a5b7f0c,3ey8b6of,1,24,24,false,4,1,4,up,860,win,0.5229,0.5229,0.3119,1,10,main_trial,ok,1,win,0,0
6a13609ea98420f68a5b7f0c,3ey8b6of,1,25,25,false,3,4,3,up,1468,win,0.8928,0.8928,0.4646,1,11,main_trial,ok,1,win,0,1
6a13609ea98420f68a5b7f0c,3ey8b6of,1,26,26,false,1,4,4,down,334,win,0.5494,0.3617,0.5494,1,12,main_trial,ok,1,win,0,0
6a13609ea98420f68a5b7f0c,3ey8b6of,1,28,28,false,4,1,1,down,575,loss,0.3672,0.5416,0.3672,-1,10,main_trial,ok,0,loss,0,0
6a13609ea98420f68a5b7f0c,3ey8b6of,1,30,30,false,1,4,1,up,326,loss,0.4836,0.4836,0.4891,-1,10,main_trial,ok,0,win,0,1
6a13609ea98420f68a5b7f0c,3ey8b6of,1,31,31,false,3,2,2,down,898,win,0.8506,0.727,0.8506,1,11,main_trial,ok,1,loss,0,0
6a13609ea98420f68a5b7f0c,3ey8b6of,1,32,32,false,3,2,3,up,2679,win,0.7289,0.7289,0.8832,1,12,main_trial,ok,0,win,0,0
6a13609ea98420f68a5b7f0c,3ey8b6of,1,33,33,false,1,2,2,down,485,loss,0.8933,0.6485,0.8933,-1,11,main_trial,ok,1,win,0,0
6a13609ea98420f68a5b7f0c,3ey8b6of,1,34,34,false,4,1,4,up,427,win,0.386,0.386,0.7465,1,12,main_trial,ok,0,loss,0,0
6a13609ea98420f68a5b7f0c,3ey8b6of,1,35,35,false,4,1,4,up,2633,win,0.3909,0.3909,0.7408,1,13,main_trial,ok,0,win,1,1
6a13609ea98420f68a5b7f0c,3ey8b6of,1,36,36,false,1,3,3,down,388,win,0.6496,0.8038,0.6496,1,14,main_trial,ok,0,win,0,0
6a13609ea98420f68a5b7f0c,3ey8b6of,1,37,37,false,3,2,2,down,335,win,0.8806,0.6119,0.8806,1,15,main_trial,ok,1,win,0,1
6a13609ea98420f68a5b7f0c,3ey8b6of,1,38,38,false,4,1,4,up,404,loss,0.3763,0.3763,0.7918,-1,14,main_trial,ok,0,win,0,0
6a13609ea98420f68a5b7f0c,3ey8b6of,1,39,39,false,1,3,3,down,385,loss,0.6469,0.8276,0.6469,-1,13,main_trial,ok,0,loss,0,0
6a13609ea98420f68a5b7f0c,3ey8b6of,1,40,40,false,2,4,2,up,407,win,0.8335,0.8335,0.4547,1,14,main_trial,ok,1,loss,0,0
6a13609ea98420f68a5b7f0c,3ey8b6of,1,42,42,false,1,2,1,up,913,loss,0.7815,0.7815,0.858,-1,14,main_trial,ok,0,win,0,1
6a13609ea98420f68a5b7f0c,3ey8b6of,1,43,43,false,3,1,1,down,741,win,0.7742,0.6319,0.7742,1,15,main_trial,ok,1,loss,1,0
6a13609ea98420f68a5b7f0c,3ey8b6of,1,44,44,false,1,3,1,up,740,loss,0.7306,0.7306,0.6383,-1,14,main_trial,ok,1,win,1,0
6a13609ea98420f68a5b7f0c,3ey8b6of,1,45,45,false,4,2,4,up,359,loss,0.3517,0.3517,0.8561,-1,13,main_trial,ok,0,loss,0,1
6a13609ea98420f68a5b7f0c,3ey8b6of,1,46,46,false,2,3,3,down,295,loss,0.5075,0.872,0.5075,-1,12,main_trial,ok,0,loss,0,0
6a13609ea98420f68a5b7f0c,3ey8b6of,1,47,47,false,4,3,4,up,312,loss,0.3824,0.3824,0.5473,-1,11,main_trial,ok,0,loss,0,0
6a13609ea98420f68a5b7f0c,3ey8b6of,1,48,48,false,1,4,4,down,303,loss,0.3306,0.7159,0.3306,-1,10,main_trial,ok,0,loss,1,0
6a13609ea98420f68a5b7f0c,3ey8b6of,1,49,49,false,2,3,2,up,410,loss,0.7932,0.7932,0.6396,-1,9,main_trial,ok,1,loss,0,0
6a13609ea98420f68a5b7f0c,3ey8b6of,1,50,50,false,3,4,4,down,1633,win,0.4195,0.5883,0.4195,1,10,main_trial,ok,0,loss,0,0
6a13609ea98420f68a5b7f0c,3ey8b6of,2,51,1,true,4,1,4,up,392,win,0.4549,0.4549,0.7477,1,11,main_trial,ok,0,win,1,0
6a13609ea98420f68a5b7f0c,3ey8b6of,2,52,2,true,1,4,4,down,603,win,0.3542,0.8006,0.3542,1,12,main_trial,ok,0,win,1,0
6a13609ea98420f68a5b7f0c,3ey8b6of,2,53,3,true,1,3,1,up,461,win,0.8151,0.8151,0.4203,1,13,main_trial,ok,1,win,0,0
6a13609ea98420f68a5b7f0c,3ey8b6of,2,54,4,true,3,4,4,down,618,loss,0.3176,0.4156,0.3176,-1,12,main_trial,ok,0,win,0,0
6a13609ea98420f68a5b7f0c,3ey8b6of,2,55,5,true,3,2,3,up,681,loss,0.4568,0.4568,0.887,-1,11,main_trial,ok,0,loss,0,0
6a13609ea98420f68a5b7f0c,3ey8b6of,2,56,6,true,2,4,4,down,281,win,0.4234,0.8432,0.4234,1,12,main_trial,ok,0,loss,0,0
6a13609ea98420f68a5b7f0c,3ey8b6of,2,57,7,true,1,3,3,down,933,loss,0.4168,0.7714,0.4168,-1,11,main_trial,ok,0,win,0,1
6a13609ea98420f68a5b7f0c,3ey8b6of,2,58,8,true,2,3,3,down,1004,loss,0.2907,0.8609,0.2907,-1,10,main_trial,ok,0,loss,1,1
6a13609ea98420f68a5b7f0c,3ey8b6of,2,60,10,true,2,1,1,down,856,win,0.7994,0.8543,0.7994,1,10,main_trial,ok,0,loss,0,0
6a13609ea98420f68a5b7f0c,3ey8b6of,2,61,11,true,4,2,4,up,680,loss,0.2859,0.2859,0.8523,-1,9,main_trial,ok,0,win,0,0
6a13609ea98420f68a5b7f0c,3ey8b6of,2,62,12,true,4,2,2,down,193,loss,0.8628,0.1936,0.8628,-1,8,main_trial,ok,1,loss,0,0
6a13609ea98420f68a5b7f0c,3ey8b6of,2,64,14,true,2,1,1,down,675,win,0.7326,0.8822,0.7326,1,10,main_trial,ok,0,win,0,1
6a13609ea98420f68a5b7f0c,3ey8b6of,2,65,15,true,4,2,2,down,271,win,0.8799,0.1709,0.8799,1,11,main_trial,ok,1,win,0,1
6a13609ea98420f68a5b7f0c,3ey8b6of,2,66,16,true,3,4,3,up,325,loss,0.1064,0.1064,0.1933,-1,10,main_trial,ok,0,win,0,0
6a13609ea98420f68a5b7f0c,3ey8b6of,2,67,17,true,3,1,1,down,1039,win,0.772,0.1094,0.772,1,11,main_trial,ok,1,loss,0,0
6a13609ea98420f68a5b7f0c,3ey8b6of,2,68,18,true,1,3,1,up,1722,win,0.7957,0.7957,0.1371,1,12,main_trial,ok,1,win,1,0
6a13609ea98420f68a5b7f0c,3ey8b6of,2,69,19,true,4,1,4,up,604,loss,0.1043,0.1043,0.753,-1,11,main_trial,ok,0,win,0,1
6a13609ea98420f68a5b7f0c,3ey8b6of,2,70,20,true,4,2,2,down,529,win,0.8973,0.1152,0.8973,1,12,main_trial,ok,1,loss,0,0
6a13609ea98420f68a5b7f0c,3ey8b6of,2,71,21,true,1,4,1,up,2046,win,0.6334,0.6334,0.1555,1,13,main_trial,ok,1,win,0,0
6a13609ea98420f68a5b7f0c,3ey8b6of,2,72,22,true,2,3,3,down,247,win,0.2213,0.8694,0.2213,1,14,main_trial,ok,0,win,0,0
6a13609ea98420f68a5b7f0c,3ey8b6of,2,73,23,true,1,3,1,up,603,win,0.6878,0.6878,0.1836,1,15,main_trial,ok,1,win,0,0
6a13609ea98420f68a5b7f0c,3ey8b6of,2,74,24,true,2,4,4,down,1450,loss,0.1615,0.809,0.1615,-1,14,main_trial,ok,0,win,0,0
6a13609ea98420f68a5b7f0c,3ey8b6of,2,75,25,true,3,1,3,up,2281,win,0.2642,0.2642,0.6594,1,15,main_trial,ok,0,loss,0,0
6a13609ea98420f68a5b7f0c,3ey8b6of,2,76,26,true,1,4,4,down,376,win,0.2264,0.7375,0.2264,1,16,main_trial,ok,0,win,0,0
6a13609ea98420f68a5b7f0c,3ey8b6of,2,77,27,true,3,4,4,down,165,loss,0.188,0.2526,0.188,-1,15,main_trial,ok,0,win,1,1
6a13609ea98420f68a5b7f0c,3ey8b6of,2,78,28,true,2,3,3,down,417,loss,0.2728,0.692,0.2728,-1,14,main_trial,ok,0,loss,0,1
6a13609ea98420f68a5b7f0c,3ey8b6of,2,79,29,true,1,2,1,up,433,win,0.6735,0.6735,0.6683,1,15,main_trial,ok,1,loss,0,0
6a13609ea98420f68a5b7f0c,3ey8b6of,2,80,30,true,1,4,1,up,189,loss,0.6506,0.6506,0.2654,-1,14,main_trial,ok,1,win,1,1
6a13609ea98420f68a5b7f0c,3ey8b6of,2,81,31,true,4,1,1,down,418,win,0.6687,0.2836,0.6687,1,15,main_trial,ok,1,loss,1,0
6a13609ea98420f68a5b7f0c,3ey8b6of,2,82,32,true,1,4,4,down,1692,loss,0.2377,0.6594,0.2377,-1,14,main_trial,ok,0,win,0,1
6a13609ea98420f68a5b7f0c,3ey8b6of,2,83,33,true,4,1,1,down,340,win,0.7552,0.2113,0.7552,1,15,main_trial,ok,1,loss,0,1
6a13609ea98420f68a5b7f0c,3ey8b6of,2,85,35,true,2,3,2,up,661,loss,0.4829,0.4829,0.2485,-1,15,main_trial,ok,1,win,0,0
6a13609ea98420f68a5b7f0c,3ey8b6of,2,86,36,true,1,3,3,down,499,win,0.201,0.7491,0.201,1,16,main_trial,ok,0,loss,0,0
6a13609ea98420f68a5b7f0c,3ey8b6of,2,88,38,true,3,4,4,down,495,win,0.3072,0.2022,0.3072,1,18,main_trial,ok,1,win,0,1
6a13609ea98420f68a5b7f0c,3ey8b6of,2,89,39,true,2,4,4,down,309,win,0.2857,0.4898,0.2857,1,19,main_trial,ok,0,win,1,1
6a13609ea98420f68a5b7f0c,3ey8b6of,2,90,40,true,3,2,2,down,1870,loss,0.4384,0.2226,0.4384,-1,18,main_trial,ok,1,win,0,1
6a13609ea98420f68a5b7f0c,3ey8b6of,2,91,41,true,1,4,4,down,439,loss,0.3008,0.7557,0.3008,-1,17,main_trial,ok,0,loss,0,1
6a13609ea98420f68a5b7f0c,3ey8b6of,2,92,42,true,4,3,3,down,626,loss,0.3002,0.3497,0.3002,-1,16,main_trial,ok,0,loss,0,1
6a13609ea98420f68a5b7f0c,3ey8b6of,2,93,43,true,1,4,1,up,388,loss,0.6485,0.6485,0.3505,-1,15,main_trial,ok,1,loss,0,0
6a13609ea98420f68a5b7f0c,3ey8b6of,2,94,44,true,3,1,3,up,605,win,0.2614,0.2614,0.6418,1,16,main_trial,ok,0,loss,0,1
6a13609ea98420f68a5b7f0c,3ey8b6of,2,96,46,true,2,1,2,up,632,loss,0.567,0.567,0.5924,-1,14,main_trial,ok,0,loss,1,0
6a13609ea98420f68a5b7f0c,3ey8b6of,2,97,47,true,4,1,1,down,678,win,0.5886,0.3426,0.5886,1,15,main_trial,ok,1,loss,0,0
6a13609ea98420f68a5b7f0c,3ey8b6of,2,98,48,true,1,2,2,down,2481,win,0.6239,0.6361,0.6239,1,16,main_trial,ok,0,win,0,1
6a13609ea98420f68a5b7f0c,3ey8b6of,2,99,49,true,2,1,1,down,721,loss,0.5995,0.5639,0.5995,-1,15,main_trial,ok,1,win,0,1
6a13609ea98420f68a5b7f0c,3ey8b6of,2,100,50,true,3,2,3,up,978,win,0.2404,0.2404,0.6006,1,16,main_trial,ok,0,loss,0,0
6a13609ea98420f68a5b7f0c,3ey8b6of,3,101,1,false,4,1,4,up,954,loss,0.4324,0.4324,0.516,-1,15,main_trial,ok,0,win,0,1
6a13609ea98420f68a5b7f0c,3ey8b6of,3,102,2,false,2,1,1,down,800,loss,0.4942,0.5252,0.4942,-1,14,main_trial,ok,0,loss,0,0
6a13609ea98420f68a5b7f0c,3ey8b6of,3,103,3,false,3,4,3,up,785,loss,0.4236,0.4236,0.4101,-1,13,main_trial,ok,1,loss,0,0
6a13609ea98420f68a5b7f0c,3ey8b6of,3,105,5,false,3,4,3,up,523,win,0.416,0.416,0.5356,1,15,main_trial,ok,0,win,0,0
6a13609ea98420f68a5b7f0c,3ey8b6of,3,106,6,false,2,1,1,down,2074,win,0.6169,0.5055,0.6169,1,16,main_trial,ok,1,win,0,0
6a13609ea98420f68a5b7f0c,3ey8b6of,3,107,7,false,2,4,4,down,657,loss,0.4444,0.4895,0.4444,-1,15,main_trial,ok,0,win,0,1
6a13609ea98420f68a5b7f0c,3ey8b6of,3,109,9,false,2,1,2,up,273,loss,0.5671,0.5671,0.6521,-1,13,main_trial,ok,0,loss,0,1
6a13609ea98420f68a5b7f0c,3ey8b6of,3,110,10,false,3,1,3,up,2143,loss,0.4417,0.4417,0.5944,-1,12,main_trial,ok,0,loss,0,1
6a13609ea98420f68a5b7f0c,3ey8b6of,3,111,11,false,1,4,1,up,556,win,0.5825,0.5825,0.4234,1,13,main_trial,ok,1,loss,0,1
6a13609ea98420f68a5b7f0c,3ey8b6of,3,112,12,false,2,4,4,down,406,win,0.4812,0.4641,0.4812,1,14,main_trial,ok,1,win,0,0
6a13609ea98420f68a5b7f0c,3ey8b6of,3,113,13,false,2,3,3,down,390,loss,0.4302,0.533,0.4302,-1,13,main_trial,ok,0,win,0,1
6a13609ea98420f68a5b7f0c,3ey8b6of,3,114,14,false,1,4,1,up,190,win,0.565,0.565,0.5428,1,14,main_trial,ok,1,loss,0,0
6a13609ea98420f68a5b7f0c,3ey8b6of,3,115,15,false,1,4,4,down,432,loss,0.6312,0.5172,0.6312,-1,13,main_trial,ok,1,win,0,0
6a13609ea98420f68a5b7f0c,3ey8b6of,3,116,16,false,1,2,2,down,446,loss,0.6491,0.5041,0.6491,-1,12,main_trial,ok,1,loss,0,1
6a13609ea98420f68a5b7f0c,3ey8b6of,3,117,17,false,3,1,3,up,369,loss,0.4053,0.4053,0.5138,-1,11,main_trial,ok,0,loss,0,0
6a13609ea98420f68a5b7f0c,3ey8b6of,3,119,19,false,2,1,1,down,778,loss,0.417,0.5381,0.417,-1,11,main_trial,ok,0,win,1,1
6a13609ea98420f68a5b7f0c,3ey8b6of,3,120,20,false,4,3,3,down,626,loss,0.3051,0.6733,0.3051,-1,10,main_trial,ok,0,loss,0,1
6a13609ea98420f68a5b7f0c,3ey8b6of,3,121,21,false,3,4,3,up,703,loss,0.2784,0.2784,0.7091,-1,9,main_trial,ok,0,loss,1,0
6a13609ea98420f68a5b7f0c,3ey8b6of,3,122,22,false,1,3,3,down,448,loss,0.278,0.4961,0.278,-1,8,main_trial,ok,0,loss,1,0
6a13609ea98420f68a5b7f0c,3ey8b6of,3,124,24,false,3,2,2,down,1020,win,0.6315,0.2571,0.6315,1,8,main_trial,ok,1,loss,0,1
6a13609ea98420f68a5b7f0c,3ey8b6of,3,125,25,false,4,3,3,down,2333,loss,0.2537,0.8494,0.2537,-1,7,main_trial,ok,0,win,0,1
6a13609ea98420f68a5b7f0c,3ey8b6of,3,126,26,false,2,3,3,down,2175,win,0.2103,0.6538,0.2103,1,8,main_trial,ok,0,loss,1,1
6a13609ea98420f68a5b7f0c,3ey8b6of,3,127,27,false,3,1,3,up,1233,loss,0.1539,0.1539,0.5309,-1,7,main_trial,ok,0,win,1,0
6a13609ea98420f68a5b7f0c,3ey8b6of,3,128,28,false,1,4,1,up,1273,win,0.6007,0.6007,0.8107,1,8,main_trial,ok,0,loss,0,1
6a13609ea98420f68a5b7f0c,3ey8b6of,3,129,29,false,4,2,2,down,1039,win,0.6315,0.785,0.6315,1,9,main_trial,ok,0,win,0,0
6a13609ea98420f68a5b7f0c,3ey8b6of,3,130,30,false,1,3,3,down,1234,loss,0.1011,0.606,0.1011,-1,8,main_trial,ok,0,win,0,1
6a13609ea98420f68a5b7f0c,3ey8b6of,3,131,31,false,4,3,4,up,968,loss,0.8281,0.8281,0.1037,-1,7,main_trial,ok,1,loss,0,0
6a13609ea98420f68a5b7f0c,3ey8b6of,3,132,32,false,4,1,1,down,393,win,0.6469,0.7795,0.6469,1,8,main_trial,ok,0,loss,0,0
6a13609ea98420f68a5b7f0c,3ey8b6of,3,133,33,false,3,4,4,down,422,win,0.7921,0.1233,0.7921,1,9,main_trial,ok,1,win,0,1
6a13609ea98420f68a5b7f0c,3ey8b6of,3,134,34,false,4,1,4,up,438,win,0.7732,0.7732,0.5217,1,10,main_trial,ok,1,win,1,0
6a13609ea98420f68a5b7f0c,3ey8b6of,3,135,35,false,2,3,2,up,758,win,0.5098,0.5098,0.2385,1,11,main_trial,ok,1,win,0,1
6a13609ea98420f68a5b7f0c,3ey8b6of,3,136,36,false,2,4,4,down,539,win,0.7704,0.537,0.7704,1,12,main_trial,ok,1,win,0,0
6a13609ea98420f68a5b7f0c,3ey8b6of,3,137,37,false,3,1,1,down,330,win,0.5977,0.2159,0.5977,1,13,main_trial,ok,1,win,0,1
6a13609ea98420f68a5b7f0c,3ey8b6of,3,138,38,false,1,2,1,up,564,win,0.5875,0.5875,0.5703,1,14,main_trial,ok,1,win,1,0
6a13609ea98420f68a5b7f0c,3ey8b6of,3,139,39,false,3,2,3,up,514,loss,0.2581,0.2581,0.5701,-1,13,main_trial,ok,0,win,0,1
6a13609ea98420f68a5b7f0c,3ey8b6of,3,140,40,false,1,2,1,up,600,win,0.75,0.75,0.5684,1,14,main_trial,ok,1,loss,0,1
6a13609ea98420f68a5b7f0c,3ey8b6of,3,141,41,false,1,3,3,down,287,loss,0.3027,0.7347,0.3027,-1,13,main_trial,ok,0,win,0,0
6a13609ea98420f68a5b7f0c,3ey8b6of,3,143,43,false,4,1,4,up,1288,win,0.8688,0.8688,0.6261,1,15,main_trial,ok,1,win,0,1
6a13609ea98420f68a5b7f0c,3ey8b6of,3,144,44,false,2,4,4,down,495,win,0.8985,0.4734,0.8985,1,16,main_trial,ok,1,win,1,0
6a13609ea98420f68a5b7f0c,3ey8b6of,3,145,45,false,3,1,3,up,199,loss,0.2657,0.2657,0.5815,-1,15,main_trial,ok,0,win,0,0
6a13609ea98420f68a5b7f0c,3ey8b6of,3,147,47,false,3,2,3,up,247,loss,0.2378,0.2378,0.5453,-1,15,main_trial,ok,0,win,0,0
6a13609ea98420f68a5b7f0c,3ey8b6of,3,148,48,false,4,3,3,down,360,loss,0.2255,0.7924,0.2255,-1,14,main_trial,ok,0,loss,1,0
6a13609ea98420f68a5b7f0c,3ey8b6of,3,149,49,false,2,4,2,up,796,loss,0.6033,0.6033,0.8423,-1,13,main_trial,ok,0,loss,0,0
6a13609ea98420f68a5b7f0c,3ey8b6of,3,150,50,false,2,3,2,up,1098,win,0.5546,0.5546,0.2561,1,14,main_trial,ok,1,loss,1,1
6a13609ea98420f68a5b7f0c,3ey8b6of,4,151,1,true,1,3,1,up,579,win,0.5418,0.5418,0.1726,1,15,main_trial,ok,1,win,0,1
6a13609ea98420f68a5b7f0c,3ey8b6of,4,152,2,true,4,3,4,up,727,win,0.8806,0.8806,0.1194,1,16,main_trial,ok,1,win,0,1
6a13609ea98420f68a5b7f0c,3ey8b6of,4,153,3,true,1,2,1,up,996,loss,0.5285,0.5285,0.3873,-1,15,main_trial,ok,1,win,0,1
6a13609ea98420f68a5b7f0c,3ey8b6of,4,154,4,true,2,1,2,up,398,win,0.4318,0.4318,0.5451,1,16,main_trial,ok,0,loss,0,1
6a13609ea98420f68a5b7f0c,3ey8b6of,4,155,5,true,4,2,2,down,418,loss,0.5142,0.8722,0.5142,-1,15,main_trial,ok,0,win,1,0
6a13609ea98420f68a5b7f0c,3ey8b6of,4,156,6,true,1,4,1,up,465,loss,0.5071,0.5071,0.8629,-1,14,main_trial,ok,0,loss,0,0
6a13609ea98420f68a5b7f0c,3ey8b6of,4,157,7,true,2,3,2,up,2936,loss,0.5763,0.5763,0.2695,-1,13,main_trial,ok,1,loss,0,1
6a13609ea98420f68a5b7f0c,3ey8b6of,4,158,8,true,1,4,4,down,275,win,0.8717,0.5881,0.8717,1,14,main_trial,ok,1,loss,0,0
6a13609ea98420f68a5b7f0c,3ey8b6of,4,159,9,true,3,2,2,down,2124,loss,0.5315,0.3286,0.5315,-1,13,main_trial,ok,1,win,0,1
6a13609ea98420f68a5b7f0c,3ey8b6of,4,160,10,true,3,2,3,up,1245,loss,0.2458,0.2458,0.4973,-1,12,main_trial,ok,0,loss,0,0
6a13609ea98420f68a5b7f0c,3ey8b6of,4,161,11,true,3,2,2,down,2661,win,0.5225,0.2228,0.5225,1,13,main_trial,ok,1,loss,0,0
6a13609ea98420f68a5b7f0c,3ey8b6of,4,162,12,true,1,2,2,down,3275,win,0.5491,0.6767,0.5491,1,14,main_trial,ok,0,win,1,1
6a13609ea98420f68a5b7f0c,3ey8b6of,4,163,13,true,4,3,3,down,2238,loss,0.2626,0.6231,0.2626,-1,13,main_trial,ok,0,win,0,1
6a13609ea98420f68a5b7f0c,3ey8b6of,4,164,14,true,2,3,2,up,400,loss,0.5667,0.5667,0.2324,-1,12,main_trial,ok,1,loss,0,0
6a13609ea98420f68a5b7f0c,3ey8b6of,4,165,15,true,3,1,1,down,765,win,0.694,0.2094,0.694,1,13,main_trial,ok,1,loss,0,0
6a13609ea98420f68a5b7f0c,3ey8b6of,4,167,17,true,3,2,3,up,819,loss,0.2434,0.2434,0.6649,-1,13,main_trial,ok,0,win,0,0
6a13609ea98420f68a5b7f0c,3ey8b6of,4,168,18,true,3,1,1,down,563,loss,0.7851,0.2921,0.7851,-1,12,main_trial,ok,1,loss,0,0
6a13609ea98420f68a5b7f0c,3ey8b6of,4,170,20,true,4,3,3,down,1953,win,0.323,0.6214,0.323,1,12,main_trial,ok,0,loss,0,0
6a13609ea98420f68a5b7f0c,3ey8b6of,4,171,21,true,4,1,1,down,592,loss,0.6695,0.638,0.6695,-1,11,main_trial,ok,1,win,0,1
6a13609ea98420f68a5b7f0c,3ey8b6of,4,172,22,true,1,2,1,up,161,win,0.6468,0.6468,0.5558,1,12,main_trial,ok,1,loss,1,0
6a13609ea98420f68a5b7f0c,3ey8b6of,4,174,24,true,1,2,1,up,495,win,0.6613,0.6613,0.6825,1,13,main_trial,ok,0,null,0,0
6a13609ea98420f68a5b7f0c,3ey8b6of,4,175,25,true,4,2,2,down,777,win,0.6011,0.6194,0.6011,1,14,main_trial,ok,0,win,0,0
6a13609ea98420f68a5b7f0c,3ey8b6of,4,176,26,true,4,2,4,up,196,win,0.6571,0.6571,0.6374,1,15,main_trial,ok,1,win,0,0
6a13609ea98420f68a5b7f0c,3ey8b6of,4,177,27,true,4,3,4,up,926,win,0.6656,0.6656,0.3525,1,16,main_trial,ok,1,win,1,1
6a13609ea98420f68a5b7f0c,3ey8b6of,4,178,28,true,4,2,4,up,2765,win,0.7145,0.7145,0.6715,1,17,main_trial,ok,1,win,1,1
6a13609ea98420f68a5b7f0c,3ey8b6of,4,179,29,true,3,4,3,up,850,win,0.1854,0.1854,0.6646,1,18,main_trial,ok,0,win,0,1
6a13609ea98420f68a5b7f0c,3ey8b6of,4,180,30,true,1,4,1,up,2570,win,0.6936,0.6936,0.6805,1,19,main_trial,ok,1,win,0,1
6a13609ea98420f68a5b7f0c,3ey8b6of,4,181,31,true,2,1,1,down,868,win,0.7568,0.8534,0.7568,1,20,main_trial,ok,0,win,1,0
6a13609ea98420f68a5b7f0c,3ey8b6of,4,182,32,true,1,3,1,up,716,win,0.6918,0.6918,0.2119,1,21,main_trial,ok,1,win,1,0
6a13609ea98420f68a5b7f0c,3ey8b6of,4,183,33,true,4,2,2,down,319,win,0.8695,0.6522,0.8695,1,22,main_trial,ok,1,win,0,0
6a13609ea98420f68a5b7f0c,3ey8b6of,4,184,34,true,2,4,4,down,2936,win,0.7514,0.8367,0.7514,1,23,main_trial,ok,0,win,0,1
6a13609ea98420f68a5b7f0c,3ey8b6of,4,185,35,true,1,2,1,up,1063,loss,0.7093,0.7093,0.8162,-1,22,main_trial,ok,0,win,0,0
6a13609ea98420f68a5b7f0c,3ey8b6of,4,186,36,true,2,3,2,up,1765,loss,0.7775,0.7775,0.3761,-1,21,main_trial,ok,1,loss,0,1
6a13609ea98420f68a5b7f0c,3ey8b6of,4,187,37,true,4,2,2,down,424,win,0.756,0.8157,0.756,1,22,main_trial,ok,0,loss,1,0
6a13609ea98420f68a5b7f0c,3ey8b6of,4,188,38,true,4,3,3,down,3681,loss,0.343,0.7921,0.343,-1,21,main_trial,ok,0,win,0,1
6a13609ea98420f68a5b7f0c,3ey8b6of,4,189,39,true,1,2,1,up,1963,win,0.8055,0.8055,0.6985,1,22,main_trial,ok,1,loss,0,0
6a13609ea98420f68a5b7f0c,3ey8b6of,4,190,40,true,2,3,2,up,2288,loss,0.6925,0.6925,0.3788,-1,21,main_trial,ok,1,win,0,1
6a13609ea98420f68a5b7f0c,3ey8b6of,4,191,41,true,4,1,1,down,322,win,0.7497,0.7524,0.7497,1,22,main_trial,ok,0,loss,0,0
6a13609ea98420f68a5b7f0c,3ey8b6of,4,192,42,true,3,4,4,down,912,loss,0.6887,0.3046,0.6887,-1,21,main_trial,ok,1,win,0,1
6a13609ea98420f68a5b7f0c,3ey8b6of,4,193,43,true,3,1,1,down,863,win,0.6653,0.3363,0.6653,1,22,main_trial,ok,1,loss,0,1
6a13609ea98420f68a5b7f0c,3ey8b6of,4,194,44,true,4,1,1,down,1594,win,0.6481,0.665,0.6481,1,23,main_trial,ok,0,win,1,1
6a13609ea98420f68a5b7f0c,3ey8b6of,4,195,45,true,1,2,2,down,1120,win,0.5424,0.583,0.5424,1,24,main_trial,ok,0,win,0,1
6a13609ea98420f68a5b7f0c,3ey8b6of,4,196,46,true,2,3,2,up,818,win,0.5632,0.5632,0.2502,1,25,main_trial,ok,1,win,1,0
6a13609ea98420f68a5b7f0c,3ey8b6of,4,197,47,true,4,3,3,down,2673,loss,0.2526,0.7516,0.2526,-1,24,main_trial,ok,0,win,0,0
6a13609ea98420f68a5b7f0c,3ey8b6of,4,198,48,true,2,1,2,up,653,loss,0.5271,0.5271,0.5373,-1,23,main_trial,ok,0,loss,0,0
6a13609ea98420f68a5b7f0c,3ey8b6of,4,199,49,true,4,1,1,down,584,win,0.5574,0.861,0.5574,1,24,main_trial,ok,0,loss,0,0
6a13609ea98420f68a5b7f0c,3ey8b6of,4,200,50,true,2,1,1,down,518,loss,0.5327,0.5387,0.5327,-1,23,main_trial,ok,0,win,1,1
6926c95802f66337764785d9,lggnyu1g,1,1,1,true,1,3,1,up,1451,loss,0.2931,0.2931,0.2708,-1,-1,main_trial,ok,1,NA,NA,NA
6926c95802f66337764785d9,lggnyu1g,1,2,2,true,2,1,1,down,935,loss,0.2819,0.6407,0.2819,-1,-2,main_trial,ok,0,loss,1,0
6926c95802f66337764785d9,lggnyu1g,1,3,3,true,2,4,2,up,721,win,0.6822,0.6822,0.6466,1,-1,main_trial,ok,1,loss,0,0
6926c95802f66337764785d9,lggnyu1g,1,4,4,true,1,2,1,up,1420,win,0.3284,0.3284,0.6576,1,0,main_trial,ok,0,win,0,1
6926c95802f66337764785d9,lggnyu1g,1,5,5,true,4,3,4,up,1479,loss,0.5268,0.5268,0.4275,-1,-1,main_trial,ok,1,win,0,1
6926c95802f66337764785d9,lggnyu1g,1,6,6,true,1,2,2,down,1845,loss,0.6183,0.3466,0.6183,-1,-2,main_trial,ok,1,loss,0,0
6926c95802f66337764785d9,lggnyu1g,1,7,7,true,1,3,1,up,800,win,0.4081,0.4081,0.4292,1,-1,main_trial,ok,0,loss,0,0
6926c95802f66337764785d9,lggnyu1g,1,8,8,true,1,2,1,up,857,win,0.4223,0.4223,0.6837,1,0,main_trial,ok,0,win,1,1
6926c95802f66337764785d9,lggnyu1g,1,9,9,true,3,2,3,up,1482,win,0.4085,0.4085,0.585,1,1,main_trial,ok,0,win,0,1
6926c95802f66337764785d9,lggnyu1g,1,10,10,true,4,2,4,up,1344,win,0.6226,0.6226,0.6065,1,2,main_trial,ok,1,win,0,1
6926c95802f66337764785d9,lggnyu1g,1,11,11,true,1,3,1,up,1352,loss,0.292,0.292,0.4152,-1,1,main_trial,ok,0,win,0,1
6926c95802f66337764785d9,lggnyu1g,1,12,12,true,4,2,4,up,1098,loss,0.4972,0.4972,0.7363,-1,0,main_trial,ok,0,loss,0,1
6926c95802f66337764785d9,lggnyu1g,1,13,13,true,4,2,2,down,1014,win,0.658,0.5018,0.658,1,1,main_trial,ok,1,loss,0,0
6926c95802f66337764785d9,lggnyu1g,1,14,14,true,2,3,2,up,1427,win,0.679,0.679,0.3698,1,2,main_trial,ok,1,win,1,0
6926c95802f66337764785d9,lggnyu1g,1,15,15,true,4,2,2,down,1137,loss,0.5767,0.5041,0.5767,-1,1,main_trial,ok,1,win,1,0
6926c95802f66337764785d9,lggnyu1g,1,16,16,true,4,2,4,up,804,win,0.5055,0.5055,0.5504,1,2,main_trial,ok,0,loss,0,0
6926c95802f66337764785d9,lggnyu1g,1,17,17,true,4,1,4,up,1350,win,0.555,0.555,0.2327,1,3,main_trial,ok,1,win,1,1
6926c95802f66337764785d9,lggnyu1g,1,18,18,true,3,2,3,up,1250,loss,0.5779,0.5779,0.5958,-1,2,main_trial,ok,0,win,0,1
6926c95802f66337764785d9,lggnyu1g,1,19,19,true,2,4,4,down,1280,loss,0.6238,0.5289,0.6238,-1,1,main_trial,ok,1,loss,0,0
6926c95802f66337764785d9,lggnyu1g,1,20,20,true,3,1,3,up,1661,win,0.5556,0.5556,0.3134,1,2,main_trial,ok,1,loss,0,0
6926c95802f66337764785d9,lggnyu1g,1,21,21,true,3,2,3,up,1491,loss,0.6538,0.6538,0.6117,-1,1,main_trial,ok,1,win,1,1
6926c95802f66337764785d9,lggnyu1g,1,22,22,true,1,3,1,up,1600,win,0.1583,0.1583,0.7114,1,2,main_trial,ok,0,loss,0,1
6926c95802f66337764785d9,lggnyu1g,1,23,23,true,4,3,4,up,1197,loss,0.6076,0.6076,0.672,-1,1,main_trial,ok,0,win,0,1
6926c95802f66337764785d9,lggnyu1g,1,24,24,true,3,2,3,up,1268,win,0.6209,0.6209,0.6932,1,2,main_trial,ok,0,loss,0,1
6926c95802f66337764785d9,lggnyu1g,1,25,25,true,4,3,3,down,983,win,0.7154,0.6017,0.7154,1,3,main_trial,ok,1,win,1,0
6926c95802f66337764785d9,lggnyu1g,1,26,26,true,2,3,3,down,1478,loss,0.6715,0.6426,0.6715,-1,2,main_trial,ok,1,win,1,1
6926c95802f66337764785d9,lggnyu1g,1,27,27,true,4,3,3,down,1392,loss,0.6529,0.585,0.6529,-1,1,main_trial,ok,1,loss,1,1
6926c95802f66337764785d9,lggnyu1g,1,28,28,true,3,1,3,up,1237,win,0.5565,0.5565,0.2429,1,2,main_trial,ok,1,loss,1,0
6926c95802f66337764785d9,lggnyu1g,1,29,29,true,2,1,1,down,2046,loss,0.2053,0.6126,0.2053,-1,1,main_trial,ok,0,win,0,0
6926c95802f66337764785d9,lggnyu1g,1,30,30,true,4,2,4,up,1058,loss,0.4272,0.4272,0.5205,-1,0,main_trial,ok,0,loss,0,0
6926c95802f66337764785d9,lggnyu1g,1,31,31,true,2,1,2,up,1333,loss,0.48,0.48,0.2662,-1,-1,main_trial,ok,1,loss,0,1
6926c95802f66337764785d9,lggnyu1g,1,32,32,true,2,1,1,down,1178,loss,0.2912,0.5337,0.2912,-1,-2,main_trial,ok,0,loss,0,0
6926c95802f66337764785d9,lggnyu1g,1,33,33,true,4,1,4,up,1815,loss,0.2755,0.2755,0.2953,-1,-3,main_trial,ok,0,loss,0,0
6926c95802f66337764785d9,lggnyu1g,1,34,34,true,2,4,2,up,1434,win,0.4028,0.4028,0.3212,1,-2,main_trial,ok,1,loss,0,1
6926c95802f66337764785d9,lggnyu1g,1,35,35,true,1,2,2,down,1203,loss,0.3962,0.3265,0.3962,-1,-3,main_trial,ok,1,win,1,0
6926c95802f66337764785d9,lggnyu1g,1,36,36,true,2,3,2,up,915,loss,0.4749,0.4749,0.4916,-1,-4,main_trial,ok,0,loss,1,0
6926c95802f66337764785d9,lggnyu1g,1,37,37,true,1,4,4,down,1286,win,0.3262,0.3481,0.3262,1,-3,main_trial,ok,0,loss,0,0
6926c95802f66337764785d9,lggnyu1g,1,38,38,true,3,1,1,down,1272,loss,0.421,0.5638,0.421,-1,-4,main_trial,ok,0,win,0,1
6926c95802f66337764785d9,lggnyu1g,1,39,39,true,3,4,3,up,1108,win,0.5676,0.5676,0.4288,1,-3,main_trial,ok,1,loss,0,0
6926c95802f66337764785d9,lggnyu1g,1,40,40,true,3,2,3,up,664,win,0.5119,0.5119,0.6446,1,-2,main_trial,ok,0,win,1,1
6926c95802f66337764785d9,lggnyu1g,1,41,41,true,2,3,3,down,1448,loss,0.5653,0.6322,0.5653,-1,-3,main_trial,ok,0,win,1,0
6926c95802f66337764785d9,lggnyu1g,1,42,42,true,4,3,4,up,1464,loss,0.432,0.432,0.5909,-1,-4,main_trial,ok,0,loss,0,0
6926c95802f66337764785d9,lggnyu1g,1,43,43,true,3,4,4,down,1397,loss,0.3412,0.6387,0.3412,-1,-5,main_trial,ok,0,loss,1,0
6926c95802f66337764785d9,lggnyu1g,1,44,44,true,2,3,2,up,1719,loss,0.7608,0.7608,0.6214,-1,-6,main_trial,ok,1,loss,0,0
6926c95802f66337764785d9,lggnyu1g,1,45,45,true,2,4,4,down,578,loss,0.3363,0.6656,0.3363,-1,-7,main_trial,ok,0,loss,0,0
6926c95802f66337764785d9,lggnyu1g,1,46,46,true,1,4,4,down,1687,loss,0.3322,0.5208,0.3322,-1,-8,main_trial,ok,0,loss,1,1
6926c95802f66337764785d9,lggnyu1g,1,47,47,true,3,4,3,up,1230,loss,0.6872,0.6872,0.4018,-1,-9,main_trial,ok,1,loss,0,0
6926c95802f66337764785d9,lggnyu1g,1,48,48,true,2,1,1,down,1829,loss,0.47,0.7964,0.47,-1,-10,main_trial,ok,0,loss,0,0
6926c95802f66337764785d9,lggnyu1g,1,49,49,true,4,3,3,down,2086,win,0.6995,0.273,0.6995,1,-9,main_trial,ok,1,loss,0,1
6926c95802f66337764785d9,lggnyu1g,1,50,50,true,2,3,2,up,1794,loss,0.6772,0.6772,0.7343,-1,-10,main_trial,ok,0,win,0,0
6926c95802f66337764785d9,lggnyu1g,2,51,1,false,4,1,1,down,1052,loss,0.4238,0.251,0.4238,-1,-11,main_trial,ok,1,loss,0,0
6926c95802f66337764785d9,lggnyu1g,2,52,2,false,1,4,4,down,1082,loss,0.3038,0.4189,0.3038,-1,-12,main_trial,ok,0,loss,0,1
6926c95802f66337764785d9,lggnyu1g,2,53,3,false,4,3,4,up,1177,win,0.3263,0.3263,0.6416,1,-11,main_trial,ok,0,loss,1,0
6926c95802f66337764785d9,lggnyu1g,2,54,4,false,4,3,4,up,815,loss,0.3338,0.3338,0.5641,-1,-12,main_trial,ok,0,win,1,1
6926c95802f66337764785d9,lggnyu1g,2,55,5,false,1,3,1,up,1497,loss,0.2522,0.2522,0.6219,-1,-13,main_trial,ok,0,loss,0,1
6926c95802f66337764785d9,lggnyu1g,2,56,6,false,2,3,3,down,719,win,0.7101,0.6183,0.7101,1,-12,main_trial,ok,1,loss,0,0
6926c95802f66337764785d9,lggnyu1g,2,57,7,false,1,4,4,down,2105,loss,0.3,0.2316,0.3,-1,-13,main_trial,ok,1,win,0,1
6926c95802f66337764785d9,lggnyu1g,2,58,8,false,3,2,3,up,661,win,0.7119,0.7119,0.5486,1,-12,main_trial,ok,1,loss,0,0
6926c95802f66337764785d9,lggnyu1g,2,59,9,false,2,4,2,up,1331,win,0.5291,0.5291,0.2377,1,-11,main_trial,ok,1,win,0,1
6926c95802f66337764785d9,lggnyu1g,2,60,10,false,2,3,3,down,716,win,0.8123,0.519,0.8123,1,-10,main_trial,ok,1,win,0,0
6926c95802f66337764785d9,lggnyu1g,2,61,11,false,1,2,2,down,1371,loss,0.5634,0.3199,0.5634,-1,-11,main_trial,ok,1,win,0,1
6926c95802f66337764785d9,lggnyu1g,2,62,12,false,4,1,1,down,1107,win,0.2946,0.2449,0.2946,1,-10,main_trial,ok,1,loss,0,1
6926c95802f66337764785d9,lggnyu1g,2,63,13,false,3,2,3,up,1342,win,0.8298,0.8298,0.6529,1,-9,main_trial,ok,1,win,0,0
6926c95802f66337764785d9,lggnyu1g,2,64,14,false,1,3,3,down,723,win,0.8839,0.3532,0.8839,1,-8,main_trial,ok,1,win,1,0
6926c95802f66337764785d9,lggnyu1g,2,65,15,false,2,1,2,up,1283,loss,0.5423,0.5423,0.3224,-1,-9,main_trial,ok,1,win,0,0
6926c95802f66337764785d9,lggnyu1g,2,66,16,false,2,4,2,up,1382,loss,0.5532,0.5532,0.2613,-1,-10,main_trial,ok,1,loss,1,1
6926c95802f66337764785d9,lggnyu1g,2,67,17,false,4,2,2,down,2549,loss,0.5077,0.209,0.5077,-1,-11,main_trial,ok,1,loss,1,0
6926c95802f66337764785d9,lggnyu1g,2,68,18,false,4,3,3,down,1375,win,0.7144,0.1869,0.7144,1,-10,main_trial,ok,1,loss,0,1
6926c95802f66337764785d9,lggnyu1g,2,69,19,false,1,3,1,up,784,loss,0.3757,0.3757,0.7752,-1,-11,main_trial,ok,0,win,0,0
6926c95802f66337764785d9,lggnyu1g,2,70,20,false,1,2,1,up,1212,loss,0.3336,0.3336,0.5812,-1,-12,main_trial,ok,0,loss,1,1
6926c95802f66337764785d9,lggnyu1g,2,71,21,false,4,3,3,down,909,win,0.7277,0.2297,0.7277,1,-11,main_trial,ok,1,loss,0,0
6926c95802f66337764785d9,lggnyu1g,2,72,22,false,2,1,1,down,2209,loss,0.2281,0.6299,0.2281,-1,-12,main_trial,ok,0,win,0,1
6926c95802f66337764785d9,lggnyu1g,2,73,23,false,1,3,3,down,1233,win,0.6941,0.2242,0.6941,1,-11,main_trial,ok,1,loss,0,1
6926c95802f66337764785d9,lggnyu1g,2,74,24,false,2,3,3,down,667,win,0.7385,0.5816,0.7385,1,-10,main_trial,ok,1,win,1,1
6926c95802f66337764785d9,lggnyu1g,2,75,25,false,4,1,4,up,1550,loss,0.2331,0.2331,0.2511,-1,-11,main_trial,ok,0,win,0,0
6926c95802f66337764785d9,lggnyu1g,2,76,26,false,2,4,4,down,1433,loss,0.258,0.5206,0.258,-1,-12,main_trial,ok,0,loss,1,0
6926c95802f66337764785d9,lggnyu1g,2,77,27,false,4,1,1,down,1296,loss,0.1841,0.2993,0.1841,-1,-13,main_trial,ok,0,loss,0,1
6926c95802f66337764785d9,lggnyu1g,2,78,28,false,4,2,2,down,1229,win,0.5973,0.263,0.5973,1,-12,main_trial,ok,1,loss,0,1
6926c95802f66337764785d9,lggnyu1g,2,79,29,false,3,4,3,up,1033,loss,0.8359,0.8359,0.2518,-1,-13,main_trial,ok,1,win,0,0
6926c95802f66337764785d9,lggnyu1g,2,80,30,false,4,1,4,up,973,loss,0.2873,0.2873,0.1632,-1,-14,main_trial,ok,1,loss,0,1
6926c95802f66337764785d9,lggnyu1g,2,81,31,false,4,1,1,down,1225,loss,0.1236,0.3058,0.1236,-1,-15,main_trial,ok,0,loss,0,0
6926c95802f66337764785d9,lggnyu1g,2,82,32,false,3,2,3,up,1193,win,0.798,0.798,0.5899,1,-14,main_trial,ok,1,loss,0,0
6926c95802f66337764785d9,lggnyu1g,2,83,33,false,2,1,2,up,1149,win,0.63,0.63,0.1813,1,-13,main_trial,ok,1,win,0,1
6926c95802f66337764785d9,lggnyu1g,2,84,34,false,3,2,3,up,1128,loss,0.8922,0.8922,0.6293,-1,-14,main_trial,ok,1,win,0,1
6926c95802f66337764785d9,lggnyu1g,2,85,35,false,2,4,2,up,699,win,0.5411,0.5411,0.458,1,-13,main_trial,ok,1,loss,0,1
6926c95802f66337764785d9,lggnyu1g,2,86,36,false,2,4,2,up,757,win,0.5947,0.5947,0.3868,1,-12,main_trial,ok,1,win,1,1
6926c95802f66337764785d9,lggnyu1g,2,87,37,false,2,4,2,up,954,win,0.5559,0.5559,0.4292,1,-11,main_trial,ok,1,win,1,1
6926c95802f66337764785d9,lggnyu1g,2,88,38,false,2,1,2,up,858,loss,0.5084,0.5084,0.2279,-1,-12,main_trial,ok,1,win,1,1
6926c95802f66337764785d9,lggnyu1g,2,89,39,false,1,4,1,up,1196,loss,0.2762,0.2762,0.3893,-1,-13,main_trial,ok,0,loss,0,1
6926c95802f66337764785d9,lggnyu1g,2,90,40,false,4,1,4,up,787,loss,0.4731,0.4731,0.3386,-1,-14,main_trial,ok,1,loss,0,1
6926c95802f66337764785d9,lggnyu1g,2,91,41,false,3,4,3,up,991,loss,0.8347,0.8347,0.4867,-1,-15,main_trial,ok,1,loss,0,1
6926c95802f66337764785d9,lggnyu1g,2,92,42,false,1,3,3,down,969,win,0.896,0.4247,0.896,1,-14,main_trial,ok,1,loss,1,0
6926c95802f66337764785d9,lggnyu1g,2,93,43,false,1,2,2,down,1023,loss,0.3109,0.5302,0.3109,-1,-15,main_trial,ok,0,win,0,1
6926c95802f66337764785d9,lggnyu1g,2,94,44,false,4,1,1,down,1785,loss,0.5645,0.4108,0.5645,-1,-16,main_trial,ok,1,loss,0,1
6926c95802f66337764785d9,lggnyu1g,2,95,45,false,1,4,1,up,1512,win,0.5772,0.5772,0.4042,1,-15,main_trial,ok,1,loss,1,0
6926c95802f66337764785d9,lggnyu1g,2,96,46,false,1,2,1,up,620,win,0.5013,0.5013,0.4011,1,-14,main_trial,ok,1,win,1,1
6926c95802f66337764785d9,lggnyu1g,2,97,47,false,3,2,2,down,1675,win,0.3521,0.8615,0.3521,1,-13,main_trial,ok,0,win,0,0
6926c95802f66337764785d9,lggnyu1g,2,98,48,false,1,3,1,up,1134,loss,0.4353,0.4353,0.8576,-1,-14,main_trial,ok,0,win,0,0
6926c95802f66337764785d9,lggnyu1g,2,99,49,false,1,3,3,down,649,win,0.8865,0.4563,0.8865,1,-13,main_trial,ok,1,loss,0,0
6926c95802f66337764785d9,lggnyu1g,2,100,50,false,3,4,4,down,803,loss,0.3563,0.8944,0.3563,-1,-14,main_trial,ok,0,win,0,1
6926c95802f66337764785d9,lggnyu1g,3,101,1,true,3,1,3,up,491,win,0.8875,0.8875,0.4534,1,-13,main_trial,ok,1,loss,0,0
6926c95802f66337764785d9,lggnyu1g,3,102,2,true,4,3,3,down,890,win,0.794,0.3851,0.794,1,-12,main_trial,ok,1,win,1,0
6926c95802f66337764785d9,lggnyu1g,3,103,3,true,3,4,3,up,801,loss,0.7518,0.7518,0.4579,-1,-13,main_trial,ok,1,win,1,0
6926c95802f66337764785d9,lggnyu1g,3,104,4,true,1,3,3,down,588,win,0.7113,0.4939,0.7113,1,-12,main_trial,ok,1,loss,1,0
6926c95802f66337764785d9,lggnyu1g,3,105,5,true,3,1,1,down,1268,loss,0.5014,0.638,0.5014,-1,-13,main_trial,ok,0,win,0,1
6926c95802f66337764785d9,lggnyu1g,3,106,6,true,2,1,2,up,1066,win,0.4103,0.4103,0.5443,1,-12,main_trial,ok,0,loss,0,0
6926c95802f66337764785d9,lggnyu1g,3,107,7,true,3,1,3,up,2183,win,0.6767,0.6767,0.6168,1,-11,main_trial,ok,1,win,0,1
6926c95802f66337764785d9,lggnyu1g,3,108,8,true,4,1,4,up,1391,loss,0.4771,0.4771,0.5691,-1,-12,main_trial,ok,0,win,0,1
6926c95802f66337764785d9,lggnyu1g,3,109,9,true,3,2,3,up,1153,win,0.7901,0.7901,0.4083,1,-11,main_trial,ok,1,loss,0,1
6926c95802f66337764785d9,lggnyu1g,3,110,10,true,3,1,3,up,481,loss,0.7292,0.7292,0.4735,-1,-12,main_trial,ok,1,win,1,1
6926c95802f66337764785d9,lggnyu1g,3,111,11,true,2,1,1,down,1025,loss,0.3976,0.4042,0.3976,-1,-13,main_trial,ok,0,loss,0,0
6926c95802f66337764785d9,lggnyu1g,3,112,12,true,3,4,3,up,777,win,0.7768,0.7768,0.5156,1,-12,main_trial,ok,1,loss,0,0
6926c95802f66337764785d9,lggnyu1g,3,113,13,true,1,2,2,down,1552,loss,0.4301,0.3873,0.4301,-1,-13,main_trial,ok,1,win,0,0
6926c95802f66337764785d9,lggnyu1g,3,114,14,true,1,2,1,up,1021,loss,0.3801,0.3801,0.4911,-1,-14,main_trial,ok,0,loss,0,0
6926c95802f66337764785d9,lggnyu1g,3,115,15,true,2,4,2,up,735,loss,0.517,0.517,0.5248,-1,-15,main_trial,ok,0,loss,0,1
6926c95802f66337764785d9,lggnyu1g,3,116,16,true,1,2,2,down,823,win,0.5484,0.369,0.5484,1,-14,main_trial,ok,1,loss,1,0
6926c95802f66337764785d9,lggnyu1g,3,117,17,true,2,1,2,up,788,loss,0.4644,0.4644,0.4476,-1,-15,main_trial,ok,1,win,1,0
6926c95802f66337764785d9,lggnyu1g,3,118,18,true,4,1,1,down,1061,loss,0.4149,0.5436,0.4149,-1,-16,main_trial,ok,0,loss,0,0
6926c95802f66337764785d9,lggnyu1g,3,119,19,true,2,3,2,up,1260,loss,0.4668,0.4668,0.553,-1,-17,main_trial,ok,0,loss,0,0
6926c95802f66337764785d9,lggnyu1g,3,120,20,true,3,1,3,up,1216,loss,0.5711,0.5711,0.4234,-1,-18,main_trial,ok,1,loss,0,1
6926c95802f66337764785d9,lggnyu1g,3,121,21,true,4,3,4,up,1378,win,0.4951,0.4951,0.5013,1,-17,main_trial,ok,0,loss,0,1
6926c95802f66337764785d9,lggnyu1g,3,122,22,true,4,1,4,up,1043,win,0.4587,0.4587,0.5254,1,-16,main_trial,ok,0,win,1,1
6926c95802f66337764785d9,lggnyu1g,3,123,23,true,3,1,1,down,1616,loss,0.5085,0.5285,0.5085,-1,-17,main_trial,ok,0,win,0,0
6926c95802f66337764785d9,lggnyu1g,3,124,24,true,4,2,4,up,787,loss,0.4332,0.4332,0.5503,-1,-18,main_trial,ok,0,loss,0,0
6926c95802f66337764785d9,lggnyu1g,3,125,25,true,1,4,4,down,987,loss,0.5433,0.5174,0.5433,-1,-19,main_trial,ok,1,loss,1,0
6926c95802f66337764785d9,lggnyu1g,3,126,26,true,3,2,2,down,1310,loss,0.7329,0.5581,0.7329,-1,-20,main_trial,ok,1,loss,0,1
6926c95802f66337764785d9,lggnyu1g,3,127,27,true,2,4,2,up,916,win,0.8067,0.8067,0.4906,1,-19,main_trial,ok,1,loss,1,0
6926c95802f66337764785d9,lggnyu1g,3,128,28,true,4,3,4,up,1547,loss,0.494,0.494,0.6006,-1,-20,main_trial,ok,0,win,0,1
6926c95802f66337764785d9,lggnyu1g,3,129,29,true,3,4,3,up,740,loss,0.5544,0.5544,0.5395,-1,-21,main_trial,ok,1,loss,0,1
6926c95802f66337764785d9,lggnyu1g,3,130,30,true,2,3,3,down,1038,loss,0.5145,0.5777,0.5145,-1,-22,main_trial,ok,0,loss,1,0
6926c95802f66337764785d9,lggnyu1g,3,131,31,true,1,2,1,up,1482,loss,0.6473,0.6473,0.654,-1,-23,main_trial,ok,0,loss,0,0
6926c95802f66337764785d9,lggnyu1g,3,132,32,true,2,1,1,down,1078,win,0.6207,0.6574,0.6207,1,-22,main_trial,ok,0,loss,1,0
6926c95802f66337764785d9,lggnyu1g,3,133,33,true,3,2,2,down,1504,loss,0.6104,0.6017,0.6104,-1,-23,main_trial,ok,1,win,0,1
6926c95802f66337764785d9,lggnyu1g,3,134,34,true,4,2,4,up,1448,loss,0.4763,0.4763,0.6056,-1,-24,main_trial,ok,0,loss,0,0
6926c95802f66337764785d9,lggnyu1g,3,135,35,true,3,1,1,down,1190,win,0.7327,0.5945,0.7327,1,-23,main_trial,ok,1,loss,0,0
6926c95802f66337764785d9,lggnyu1g,3,136,36,true,2,4,2,up,1403,loss,0.6715,0.6715,0.4351,-1,-24,main_trial,ok,1,win,0,0
6926c95802f66337764785d9,lggnyu1g,3,137,37,true,4,3,3,down,1322,loss,0.5725,0.4161,0.5725,-1,-25,main_trial,ok,1,loss,0,0
6926c95802f66337764785d9,lggnyu1g,3,138,38,true,1,3,1,up,999,loss,0.6465,0.6465,0.4951,-1,-26,main_trial,ok,1,loss,0,0
6926c95802f66337764785d9,lggnyu1g,3,139,39,true,2,4,4,down,1307,win,0.4761,0.6644,0.4761,1,-25,main_trial,ok,0,loss,0,0
6926c95802f66337764785d9,lggnyu1g,3,140,40,true,3,1,1,down,2240,loss,0.7347,0.4715,0.7347,-1,-26,main_trial,ok,1,win,0,1
6926c95802f66337764785d9,lggnyu1g,3,141,41,true,3,4,3,up,730,win,0.3676,0.3676,0.4931,1,-25,main_trial,ok,0,loss,0,0
6926c95802f66337764785d9,lggnyu1g,3,142,42,true,3,4,3,up,713,loss,0.3977,0.3977,0.4036,-1,-26,main_trial,ok,0,win,1,1
6926c95802f66337764785d9,lggnyu1g,3,143,43,true,1,3,3,down,1055,win,0.4751,0.6117,0.4751,1,-25,main_trial,ok,0,loss,1,0
6926c95802f66337764785d9,lggnyu1g,3,144,44,true,3,2,3,up,1477,loss,0.4732,0.4732,0.8184,-1,-26,main_trial,ok,0,win,1,0
6926c95802f66337764785d9,lggnyu1g,3,145,45,true,3,4,3,up,886,loss,0.5033,0.5033,0.3112,-1,-27,main_trial,ok,1,loss,1,1
6926c95802f66337764785d9,lggnyu1g,3,146,46,true,1,2,2,down,1390,win,0.7864,0.5978,0.7864,1,-26,main_trial,ok,1,loss,0,0
6926c95802f66337764785d9,lggnyu1g,3,147,47,true,2,3,2,up,1407,win,0.787,0.787,0.4973,1,-25,main_trial,ok,1,win,1,0
6926c95802f66337764785d9,lggnyu1g,3,148,48,true,3,2,2,down,1357,win,0.8268,0.4373,0.8268,1,-24,main_trial,ok,1,win,1,0
6926c95802f66337764785d9,lggnyu1g,3,149,49,true,4,1,1,down,1201,loss,0.6921,0.2493,0.6921,-1,-25,main_trial,ok,1,win,0,1
6926c95802f66337764785d9,lggnyu1g,3,150,50,true,4,3,4,up,1572,loss,0.2489,0.2489,0.4631,-1,-26,main_trial,ok,0,loss,0,0
6926c95802f66337764785d9,lggnyu1g,4,151,1,false,1,2,2,down,507,loss,0.6799,0.6646,0.6799,-1,-27,main_trial,ok,1,loss,0,0
6926c95802f66337764785d9,lggnyu1g,4,152,2,false,3,2,3,up,570,loss,0.3965,0.3965,0.623,-1,-28,main_trial,ok,0,loss,0,0
6926c95802f66337764785d9,lggnyu1g,4,153,3,false,3,2,2,down,1470,loss,0.6016,0.3223,0.6016,-1,-29,main_trial,ok,1,loss,0,0
6926c95802f66337764785d9,lggnyu1g,4,154,4,false,4,2,4,up,1199,loss,0.3968,0.3968,0.6304,-1,-30,main_trial,ok,0,loss,0,0
6926c95802f66337764785d9,lggnyu1g,4,155,5,false,2,3,3,down,1624,win,0.3218,0.6569,0.3218,1,-29,main_trial,ok,0,loss,0,0
6926c95802f66337764785d9,lggnyu1g,4,156,6,false,4,2,2,down,1567,win,0.6212,0.3604,0.6212,1,-28,main_trial,ok,1,win,0,1
6926c95802f66337764785d9,lggnyu1g,4,157,7,false,2,4,2,up,811,loss,0.5304,0.5304,0.2763,-1,-29,main_trial,ok,1,win,1,0
6926c95802f66337764785d9,lggnyu1g,4,158,8,false,1,4,1,up,1752,loss,0.5244,0.5244,0.1786,-1,-30,main_trial,ok,1,loss,0,1
6926c95802f66337764785d9,lggnyu1g,4,159,9,false,2,1,2,up,1399,win,0.4532,0.4532,0.5724,1,-29,main_trial,ok,0,loss,0,1
6926c95802f66337764785d9,lggnyu1g,4,160,10,false,1,2,2,down,2427,win,0.5061,0.6176,0.5061,1,-28,main_trial,ok,0,win,1,0
6926c95802f66337764785d9,lggnyu1g,4,161,11,false,1,2,2,down,1326,loss,0.4807,0.6158,0.4807,-1,-29,main_trial,ok,0,win,1,1
6926c95802f66337764785d9,lggnyu1g,4,162,12,false,1,3,3,down,1269,win,0.2545,0.5627,0.2545,1,-28,main_trial,ok,0,loss,0,1
6926c95802f66337764785d9,lggnyu1g,4,163,13,false,2,3,3,down,717,loss,0.2624,0.523,0.2624,-1,-29,main_trial,ok,0,win,1,1
6926c95802f66337764785d9,lggnyu1g,4,164,14,false,2,3,2,up,2062,loss,0.571,0.571,0.2656,-1,-30,main_trial,ok,1,loss,0,0
6926c95802f66337764785d9,lggnyu1g,4,165,15,false,1,3,3,down,972,loss,0.243,0.467,0.243,-1,-31,main_trial,ok,0,loss,0,0
6926c95802f66337764785d9,lggnyu1g,4,166,16,false,4,1,4,up,1260,win,0.131,0.131,0.4786,1,-30,main_trial,ok,0,loss,0,0
6926c95802f66337764785d9,lggnyu1g,4,167,17,false,4,1,4,up,1033,loss,0.1309,0.1309,0.5622,-1,-31,main_trial,ok,0,win,1,1
6926c95802f66337764785d9,lggnyu1g,4,168,18,false,3,4,3,up,1414,loss,0.1938,0.1938,0.1102,-1,-32,main_trial,ok,1,loss,0,1
6926c95802f66337764785d9,lggnyu1g,4,169,19,false,1,2,1,up,1559,loss,0.5767,0.5767,0.6537,-1,-33,main_trial,ok,0,loss,0,1
6926c95802f66337764785d9,lggnyu1g,4,170,20,false,2,4,4,down,641,loss,0.1263,0.6055,0.1263,-1,-34,main_trial,ok,0,loss,0,0
6926c95802f66337764785d9,lggnyu1g,4,171,21,false,2,4,2,up,835,win,0.5589,0.5589,0.2205,1,-33,main_trial,ok,1,loss,0,0
6926c95802f66337764785d9,lggnyu1g,4,172,22,false,2,1,1,down,808,win,0.5492,0.4788,0.5492,1,-32,main_trial,ok,1,win,0,0
6926c95802f66337764785d9,lggnyu1g,4,173,23,false,4,1,4,up,1157,loss,0.2288,0.2288,0.6077,-1,-33,main_trial,ok,0,win,0,0
6926c95802f66337764785d9,lggnyu1g,4,174,24,false,1,3,3,down,781,loss,0.2404,0.6385,0.2404,-1,-34,main_trial,ok,0,loss,0,0
6926c95802f66337764785d9,lggnyu1g,4,175,25,false,4,3,4,up,633,loss,0.2867,0.2867,0.3711,-1,-35,main_trial,ok,0,loss,0,0
6926c95802f66337764785d9,lggnyu1g,4,176,26,false,4,2,2,down,1034,loss,0.4663,0.244,0.4663,-1,-36,main_trial,ok,1,loss,0,0
6926c95802f66337764785d9,lggnyu1g,4,177,27,false,2,3,3,down,917,loss,0.3615,0.4361,0.3615,-1,-37,main_trial,ok,0,loss,0,1
6926c95802f66337764785d9,lggnyu1g,4,178,28,false,1,3,1,up,954,loss,0.4905,0.4905,0.4026,-1,-38,main_trial,ok,1,loss,0,0
6926c95802f66337764785d9,lggnyu1g,4,179,29,false,2,4,4,down,1027,loss,0.3144,0.4493,0.3144,-1,-39,main_trial,ok,0,loss,0,0
6926c95802f66337764785d9,lggnyu1g,4,180,30,false,1,3,3,down,618,loss,0.4504,0.4544,0.4504,-1,-40,main_trial,ok,0,loss,0,1
6926c95802f66337764785d9,lggnyu1g,4,181,31,false,3,4,4,down,956,loss,0.2441,0.4407,0.2441,-1,-41,main_trial,ok,0,loss,0,1
6926c95802f66337764785d9,lggnyu1g,4,182,32,false,1,4,4,down,1133,win,0.2973,0.6069,0.2973,1,-40,main_trial,ok,0,loss,1,1
6926c95802f66337764785d9,lggnyu1g,4,183,33,false,4,2,2,down,1631,win,0.5737,0.2728,0.5737,1,-39,main_trial,ok,1,win,0,1
6926c95802f66337764785d9,lggnyu1g,4,184,34,false,2,1,1,down,1430,loss,0.6202,0.5589,0.6202,-1,-40,main_trial,ok,1,win,0,1
6926c95802f66337764785d9,lggnyu1g,4,185,35,false,3,1,3,up,620,win,0.4115,0.4115,0.6814,1,-39,main_trial,ok,0,loss,0,0
6926c95802f66337764785d9,lggnyu1g,4,186,36,false,3,4,3,up,673,win,0.3341,0.3341,0.2496,1,-38,main_trial,ok,1,win,1,1
6926c95802f66337764785d9,lggnyu1g,4,187,37,false,3,2,2,down,1066,loss,0.6405,0.3557,0.6405,-1,-39,main_trial,ok,1,win,0,0
6926c95802f66337764785d9,lggnyu1g,4,188,38,false,3,2,3,up,659,loss,0.3846,0.3846,0.6004,-1,-40,main_trial,ok,0,loss,0,0
6926c95802f66337764785d9,lggnyu1g,4,189,39,false,2,4,4,down,927,loss,0.2989,0.5345,0.2989,-1,-41,main_trial,ok,0,loss,0,0
6926c95802f66337764785d9,lggnyu1g,4,190,40,false,3,4,4,down,990,loss,0.2612,0.4802,0.2612,-1,-42,main_trial,ok,0,loss,1,1
6926c95802f66337764785d9,lggnyu1g,4,191,41,false,2,4,2,up,1287,loss,0.4865,0.4865,0.2639,-1,-43,main_trial,ok,1,loss,0,0
6926c95802f66337764785d9,lggnyu1g,4,192,42,false,4,1,1,down,1049,win,0.8864,0.2364,0.8864,1,-42,main_trial,ok,1,loss,0,0
6926c95802f66337764785d9,lggnyu1g,4,193,43,false,4,3,3,down,1195,win,0.5236,0.1634,0.5236,1,-41,main_trial,ok,1,win,0,1
6926c95802f66337764785d9,lggnyu1g,4,194,44,false,3,4,4,down,1836,win,0.1045,0.5283,0.1045,1,-40,main_trial,ok,0,win,0,1
6926c95802f66337764785d9,lggnyu1g,4,195,45,false,3,4,3,up,1398,loss,0.5796,0.5796,0.1715,-1,-41,main_trial,ok,1,win,0,0
6926c95802f66337764785d9,lggnyu1g,4,196,46,false,3,1,1,down,898,win,0.7908,0.4957,0.7908,1,-40,main_trial,ok,1,loss,0,0
6926c95802f66337764785d9,lggnyu1g,4,197,47,false,4,2,2,down,1135,win,0.7327,0.1809,0.7327,1,-39,main_trial,ok,1,win,0,1
6926c95802f66337764785d9,lggnyu1g,4,198,48,false,2,4,4,down,1271,loss,0.1613,0.6448,0.1613,-1,-40,main_trial,ok,0,win,0,1
6926c95802f66337764785d9,lggnyu1g,4,199,49,false,4,1,1,down,1284,win,0.8169,0.2513,0.8169,1,-39,main_trial,ok,1,loss,0,1
6926c95802f66337764785d9,lggnyu1g,4,200,50,false,1,4,1,up,818,win,0.7929,0.7929,0.2295,1,-38,main_trial,ok,1,win,1,0
69f7e812b1abc5db9b1d0eac,tlosn0n5,1,2,2,false,2,3,2,up,1139,loss,0.4881,0.4881,0.4645,-1,0,main_trial,ok,1,win,1,1
69f7e812b1abc5db9b1d0eac,tlosn0n5,1,3,3,false,4,2,4,up,2276,loss,0.6015,0.6015,0.4566,-1,-1,main_trial,ok,1,loss,0,1
69f7e812b1abc5db9b1d0eac,tlosn0n5,1,4,4,false,4,1,1,down,2626,loss,0.1854,0.6634,0.1854,-1,-2,main_trial,ok,0,loss,0,0
69f7e812b1abc5db9b1d0eac,tlosn0n5,1,5,5,false,2,1,2,up,2362,loss,0.3666,0.3666,0.1767,-1,-3,main_trial,ok,1,loss,0,0
69f7e812b1abc5db9b1d0eac,tlosn0n5,1,6,6,false,3,2,2,down,3740,loss,0.4774,0.5253,0.4774,-1,-4,main_trial,ok,0,loss,1,0
69f7e812b1abc5db9b1d0eac,tlosn0n5,1,7,7,false,3,2,3,up,1954,loss,0.585,0.585,0.4164,-1,-5,main_trial,ok,1,loss,0,0
69f7e812b1abc5db9b1d0eac,tlosn0n5,1,8,8,false,4,3,4,up,1543,loss,0.7857,0.7857,0.5969,-1,-6,main_trial,ok,1,loss,0,1
69f7e812b1abc5db9b1d0eac,tlosn0n5,1,9,9,false,4,3,4,up,1882,win,0.813,0.813,0.5908,1,-5,main_trial,ok,1,loss,1,1
69f7e812b1abc5db9b1d0eac,tlosn0n5,1,10,10,false,1,4,4,down,956,loss,0.8408,0.2636,0.8408,-1,-6,main_trial,ok,1,win,1,0
69f7e812b1abc5db9b1d0eac,tlosn0n5,1,11,11,false,2,1,1,down,2151,win,0.2758,0.4526,0.2758,1,-5,main_trial,ok,0,loss,0,1
69f7e812b1abc5db9b1d0eac,tlosn0n5,1,12,12,false,1,4,1,up,942,win,0.2626,0.2626,0.8522,1,-4,main_trial,ok,0,win,1,0
69f7e812b1abc5db9b1d0eac,tlosn0n5,1,13,13,false,1,2,1,up,1287,win,0.3015,0.3015,0.6156,1,-3,main_trial,ok,0,win,1,1
69f7e812b1abc5db9b1d0eac,tlosn0n5,1,14,14,false,4,3,3,down,3334,loss,0.7193,0.8176,0.7193,-1,-4,main_trial,ok,0,win,0,0
69f7e812b1abc5db9b1d0eac,tlosn0n5,1,15,15,false,2,4,4,down,2007,win,0.7327,0.5471,0.7327,1,-3,main_trial,ok,1,loss,0,1
69f7e812b1abc5db9b1d0eac,tlosn0n5,1,16,16,false,1,4,4,down,2234,win,0.7105,0.1528,0.7105,1,-2,main_trial,ok,1,win,1,1
69f7e812b1abc5db9b1d0eac,tlosn0n5,1,17,17,false,1,2,1,up,1445,loss,0.1023,0.1023,0.5353,-1,-3,main_trial,ok,0,win,0,0
69f7e812b1abc5db9b1d0eac,tlosn0n5,1,18,18,false,4,1,4,up,1626,win,0.7014,0.7014,0.1113,1,-2,main_trial,ok,1,loss,0,1
69f7e812b1abc5db9b1d0eac,tlosn0n5,1,19,19,false,4,3,4,up,803,win,0.7747,0.7747,0.682,1,-1,main_trial,ok,1,win,1,1
69f7e812b1abc5db9b1d0eac,tlosn0n5,1,20,20,false,1,3,1,up,1904,loss,0.1674,0.1674,0.6766,-1,-2,main_trial,ok,0,win,0,1
69f7e812b1abc5db9b1d0eac,tlosn0n5,1,21,21,false,4,3,4,up,639,loss,0.7106,0.7106,0.5482,-1,-3,main_trial,ok,1,loss,0,1
69f7e812b1abc5db9b1d0eac,tlosn0n5,1,22,22,false,2,4,2,up,747,loss,0.5007,0.5007,0.7462,-1,-4,main_trial,ok,0,loss,0,1
69f7e812b1abc5db9b1d0eac,tlosn0n5,1,23,23,false,1,2,2,down,2945,win,0.6025,0.2082,0.6025,1,-3,main_trial,ok,1,loss,1,0
69f7e812b1abc5db9b1d0eac,tlosn0n5,1,24,24,false,4,1,4,up,1598,win,0.7921,0.7921,0.2225,1,-2,main_trial,ok,1,win,0,0
69f7e812b1abc5db9b1d0eac,tlosn0n5,1,25,25,false,4,2,2,down,650,win,0.5812,0.7637,0.5812,1,-1,main_trial,ok,0,win,0,0
69f7e812b1abc5db9b1d0eac,tlosn0n5,1,26,26,false,4,1,4,up,1518,win,0.7903,0.7903,0.1225,1,0,main_trial,ok,1,win,0,0
69f7e812b1abc5db9b1d0eac,tlosn0n5,1,27,27,false,3,1,1,down,2055,loss,0.1581,0.5486,0.1581,-1,-1,main_trial,ok,0,win,0,0
69f7e812b1abc5db9b1d0eac,tlosn0n5,1,28,28,false,3,4,4,down,1471,loss,0.8294,0.5418,0.8294,-1,-2,main_trial,ok,1,loss,0,1
69f7e812b1abc5db9b1d0eac,tlosn0n5,1,29,29,false,4,2,2,down,1276,win,0.5686,0.7773,0.5686,1,-1,main_trial,ok,0,loss,0,1
69f7e812b1abc5db9b1d0eac,tlosn0n5,1,30,30,false,3,2,2,down,852,win,0.6176,0.5714,0.6176,1,0,main_trial,ok,1,win,1,1
69f7e812b1abc5db9b1d0eac,tlosn0n5,1,31,31,false,1,4,1,up,1372,win,0.2605,0.2605,0.7034,1,1,main_trial,ok,0,win,0,0
69f7e812b1abc5db9b1d0eac,tlosn0n5,1,32,32,false,3,1,1,down,869,win,0.2083,0.5642,0.2083,1,2,main_trial,ok,0,win,1,0
69f7e812b1abc5db9b1d0eac,tlosn0n5,1,33,33,false,1,4,1,up,941,loss,0.2875,0.2875,0.6119,-1,1,main_trial,ok,0,win,1,0
69f7e812b1abc5db9b1d0eac,tlosn0n5,1,34,34,false,1,2,2,down,1958,loss,0.6221,0.2879,0.6221,-1,0,main_trial,ok,1,loss,0,0
69f7e812b1abc5db9b1d0eac,tlosn0n5,1,35,35,false,4,1,4,up,2989,loss,0.4975,0.4975,0.2752,-1,-1,main_trial,ok,1,loss,0,0
69f7e812b1abc5db9b1d0eac,tlosn0n5,1,36,36,false,1,4,1,up,1370,loss,0.2749,0.2749,0.5307,-1,-2,main_trial,ok,0,loss,0,1
69f7e812b1abc5db9b1d0eac,tlosn0n5,1,37,37,false,1,2,2,down,2007,win,0.7207,0.2514,0.7207,1,-1,main_trial,ok,1,loss,0,0
69f7e812b1abc5db9b1d0eac,tlosn0n5,1,38,38,false,1,4,4,down,986,loss,0.5234,0.303,0.5234,-1,-2,main_trial,ok,1,win,0,1
69f7e812b1abc5db9b1d0eac,tlosn0n5,1,39,39,false,3,1,1,down,1648,loss,0.2728,0.7137,0.2728,-1,-3,main_trial,ok,0,loss,0,1
69f7e812b1abc5db9b1d0eac,tlosn0n5,1,40,40,false,2,3,2,up,1041,win,0.6941,0.6941,0.7332,1,-2,main_trial,ok,0,loss,0,0
69f7e812b1abc5db9b1d0eac,tlosn0n5,1,41,41,false,2,4,2,up,751,win,0.5728,0.5728,0.5259,1,-1,main_trial,ok,1,win,1,1
69f7e812b1abc5db9b1d0eac,tlosn0n5,1,42,42,false,2,3,2,up,740,loss,0.5745,0.5745,0.6894,-1,-2,main_trial,ok,0,win,1,1
69f7e812b1abc5db9b1d0eac,tlosn0n5,1,43,43,false,2,3,3,down,2666,win,0.7139,0.5354,0.7139,1,-1,main_trial,ok,1,loss,0,0
69f7e812b1abc5db9b1d0eac,tlosn0n5,1,44,44,false,4,2,4,up,1783,win,0.617,0.617,0.5154,1,0,main_trial,ok,1,win,0,0
69f7e812b1abc5db9b1d0eac,tlosn0n5,1,45,45,false,2,3,3,down,2935,win,0.7,0.4741,0.7,1,1,main_trial,ok,1,win,0,0
69f7e812b1abc5db9b1d0eac,tlosn0n5,1,46,46,false,1,3,3,down,729,loss,0.7506,0.2038,0.7506,-1,0,main_trial,ok,1,win,1,1
69f7e812b1abc5db9b1d0eac,tlosn0n5,1,47,47,false,2,1,1,down,2519,loss,0.2102,0.3843,0.2102,-1,-1,main_trial,ok,0,loss,0,1
69f7e812b1abc5db9b1d0eac,tlosn0n5,1,48,48,false,1,4,1,up,2148,loss,0.232,0.232,0.4836,-1,-2,main_trial,ok,0,loss,1,0
69f7e812b1abc5db9b1d0eac,tlosn0n5,1,49,49,false,1,3,3,down,919,loss,0.6984,0.3739,0.6984,-1,-3,main_trial,ok,1,loss,0,0
69f7e812b1abc5db9b1d0eac,tlosn0n5,1,50,50,false,2,4,2,up,1209,loss,0.4017,0.4017,0.387,-1,-4,main_trial,ok,1,loss,0,0
69f7e812b1abc5db9b1d0eac,tlosn0n5,2,51,1,true,4,2,4,up,1205,loss,0.4053,0.4053,0.4146,-1,-5,main_trial,ok,0,loss,0,1
69f7e812b1abc5db9b1d0eac,tlosn0n5,2,52,2,true,3,2,2,down,1922,loss,0.3897,0.6619,0.3897,-1,-6,main_trial,ok,0,loss,0,0
69f7e812b1abc5db9b1d0eac,tlosn0n5,2,53,3,true,4,3,3,down,2359,win,0.6154,0.4166,0.6154,1,-5,main_trial,ok,1,loss,0,1
69f7e812b1abc5db9b1d0eac,tlosn0n5,2,54,4,true,2,4,2,up,3497,loss,0.3899,0.3899,0.3667,-1,-6,main_trial,ok,1,win,0,0
69f7e812b1abc5db9b1d0eac,tlosn0n5,2,55,5,true,3,4,4,down,1186,loss,0.2914,0.6063,0.2914,-1,-7,main_trial,ok,0,loss,0,0
69f7e812b1abc5db9b1d0eac,tlosn0n5,2,56,6,true,4,2,2,down,1442,loss,0.3634,0.2368,0.3634,-1,-8,main_trial,ok,1,loss,0,1
69f7e812b1abc5db9b1d0eac,tlosn0n5,2,57,7,true,3,1,1,down,1688,loss,0.4425,0.6594,0.4425,-1,-9,main_trial,ok,0,loss,0,1
69f7e812b1abc5db9b1d0eac,tlosn0n5,2,58,8,true,4,1,4,up,1953,loss,0.1888,0.1888,0.5108,-1,-10,main_trial,ok,0,loss,0,0
69f7e812b1abc5db9b1d0eac,tlosn0n5,2,59,9,true,1,3,3,down,1019,win,0.6053,0.4921,0.6053,1,-9,main_trial,ok,1,loss,0,0
69f7e812b1abc5db9b1d0eac,tlosn0n5,2,60,10,true,1,4,4,down,1574,loss,0.1392,0.4778,0.1392,-1,-10,main_trial,ok,0,win,0,1
69f7e812b1abc5db9b1d0eac,tlosn0n5,2,61,11,true,3,1,3,up,785,loss,0.5565,0.5565,0.4484,-1,-11,main_trial,ok,1,loss,0,0
69f7e812b1abc5db9b1d0eac,tlosn0n5,2,62,12,true,3,2,3,up,541,win,0.4952,0.4952,0.3166,1,-10,main_trial,ok,1,loss,1,1
69f7e812b1abc5db9b1d0eac,tlosn0n5,2,63,13,true,1,4,1,up,1304,win,0.5929,0.5929,0.196,1,-9,main_trial,ok,1,win,0,1
69f7e812b1abc5db9b1d0eac,tlosn0n5,2,64,14,true,1,4,1,up,1368,win,0.5872,0.5872,0.168,1,-8,main_trial,ok,1,win,1,1
69f7e812b1abc5db9b1d0eac,tlosn0n5,2,65,15,true,3,1,3,up,1211,loss,0.5541,0.5541,0.61,-1,-9,main_trial,ok,0,win,0,1
69f7e812b1abc5db9b1d0eac,tlosn0n5,2,66,16,true,4,2,4,up,1430,loss,0.2433,0.2433,0.4192,-1,-10,main_trial,ok,0,loss,0,1
69f7e812b1abc5db9b1d0eac,tlosn0n5,2,67,17,true,3,1,3,up,1176,loss,0.5751,0.5751,0.5991,-1,-11,main_trial,ok,0,loss,0,1
69f7e812b1abc5db9b1d0eac,tlosn0n5,2,68,18,true,4,1,4,up,1160,loss,0.3094,0.3094,0.5968,-1,-12,main_trial,ok,0,loss,0,1
69f7e812b1abc5db9b1d0eac,tlosn0n5,2,69,19,true,4,2,4,up,992,loss,0.2743,0.2743,0.517,-1,-13,main_trial,ok,0,loss,1,1
69f7e812b1abc5db9b1d0eac,tlosn0n5,2,70,20,true,2,3,3,down,847,win,0.5419,0.5321,0.5419,1,-12,main_trial,ok,1,loss,0,0
69f7e812b1abc5db9b1d0eac,tlosn0n5,2,71,21,true,1,4,4,down,1417,loss,0.2833,0.6895,0.2833,-1,-13,main_trial,ok,0,win,0,1
69f7e812b1abc5db9b1d0eac,tlosn0n5,2,72,22,true,4,2,2,down,635,loss,0.6133,0.1714,0.6133,-1,-14,main_trial,ok,1,loss,0,1
69f7e812b1abc5db9b1d0eac,tlosn0n5,2,73,23,true,1,3,3,down,817,loss,0.513,0.7201,0.513,-1,-15,main_trial,ok,0,loss,0,1
69f7e812b1abc5db9b1d0eac,tlosn0n5,2,74,24,true,1,3,3,down,1088,loss,0.5067,0.7326,0.5067,-1,-16,main_trial,ok,0,loss,1,1
69f7e812b1abc5db9b1d0eac,tlosn0n5,2,75,25,true,4,3,3,down,747,loss,0.5487,0.151,0.5487,-1,-17,main_trial,ok,1,loss,1,1
69f7e812b1abc5db9b1d0eac,tlosn0n5,2,76,26,true,4,3,3,down,600,win,0.4498,0.1619,0.4498,1,-16,main_trial,ok,1,loss,1,1
69f7e812b1abc5db9b1d0eac,tlosn0n5,2,77,27,true,3,4,3,up,443,loss,0.482,0.482,0.1834,-1,-17,main_trial,ok,1,win,1,0
69f7e812b1abc5db9b1d0eac,tlosn0n5,2,78,28,true,2,4,4,down,951,loss,0.1501,0.714,0.1501,-1,-18,main_trial,ok,0,loss,0,0
69f7e812b1abc5db9b1d0eac,tlosn0n5,2,79,29,true,3,4,3,up,240,loss,0.444,0.444,0.1001,-1,-19,main_trial,ok,1,loss,0,0
69f7e812b1abc5db9b1d0eac,tlosn0n5,2,80,30,true,1,3,3,down,518,win,0.4143,0.6112,0.4143,1,-18,main_trial,ok,0,loss,1,0
69f7e812b1abc5db9b1d0eac,tlosn0n5,2,81,31,true,4,2,2,down,3376,win,0.8397,0.1628,0.8397,1,-17,main_trial,ok,1,win,0,1
69f7e812b1abc5db9b1d0eac,tlosn0n5,2,82,32,true,4,1,1,down,3039,win,0.6829,0.1585,0.6829,1,-16,main_trial,ok,1,win,0,1
69f7e812b1abc5db9b1d0eac,tlosn0n5,2,83,33,true,3,2,2,down,1941,loss,0.8626,0.3894,0.8626,-1,-17,main_trial,ok,1,win,0,1
69f7e812b1abc5db9b1d0eac,tlosn0n5,2,84,34,true,2,1,1,down,1662,win,0.6466,0.8754,0.6466,1,-16,main_trial,ok,0,loss,0,1
69f7e812b1abc5db9b1d0eac,tlosn0n5,2,85,35,true,2,1,1,down,1134,loss,0.6644,0.8861,0.6644,-1,-17,main_trial,ok,0,win,1,1
69f7e812b1abc5db9b1d0eac,tlosn0n5,2,86,36,true,3,2,3,up,1114,loss,0.5015,0.5015,0.8357,-1,-18,main_trial,ok,0,loss,0,0
69f7e812b1abc5db9b1d0eac,tlosn0n5,2,87,37,true,4,2,2,down,1837,loss,0.7473,0.1062,0.7473,-1,-19,main_trial,ok,1,loss,0,0
69f7e812b1abc5db9b1d0eac,tlosn0n5,2,88,38,true,4,3,3,down,827,loss,0.3627,0.1153,0.3627,-1,-20,main_trial,ok,1,loss,0,1
69f7e812b1abc5db9b1d0eac,tlosn0n5,2,89,39,true,2,1,1,down,1064,win,0.5426,0.7735,0.5426,1,-19,main_trial,ok,0,loss,0,1
69f7e812b1abc5db9b1d0eac,tlosn0n5,2,90,40,true,2,3,3,down,811,win,0.397,0.7966,0.397,1,-18,main_trial,ok,0,win,0,1
69f7e812b1abc5db9b1d0eac,tlosn0n5,2,91,41,true,4,2,4,up,1591,loss,0.1341,0.1341,0.8003,-1,-19,main_trial,ok,0,win,0,0
69f7e812b1abc5db9b1d0eac,tlosn0n5,2,92,42,true,2,4,4,down,1749,loss,0.1272,0.8851,0.1272,-1,-20,main_trial,ok,0,loss,1,0
69f7e812b1abc5db9b1d0eac,tlosn0n5,2,93,43,true,3,4,3,up,1463,loss,0.3885,0.3885,0.1162,-1,-21,main_trial,ok,1,loss,0,0
69f7e812b1abc5db9b1d0eac,tlosn0n5,2,94,44,true,2,3,3,down,852,loss,0.435,0.834,0.435,-1,-22,main_trial,ok,0,loss,1,0
69f7e812b1abc5db9b1d0eac,tlosn0n5,2,95,45,true,3,2,3,up,1035,loss,0.4086,0.4086,0.7853,-1,-23,main_trial,ok,0,loss,1,0
69f7e812b1abc5db9b1d0eac,tlosn0n5,2,96,46,true,1,2,1,up,1382,win,0.6784,0.6784,0.7538,1,-22,main_trial,ok,0,loss,0,1
69f7e812b1abc5db9b1d0eac,tlosn0n5,2,97,47,true,3,4,3,up,1029,win,0.4845,0.4845,0.1337,1,-21,main_trial,ok,1,win,0,1
69f7e812b1abc5db9b1d0eac,tlosn0n5,2,98,48,true,4,1,4,up,2347,win,0.1923,0.1923,0.6112,1,-20,main_trial,ok,0,win,0,1
69f7e812b1abc5db9b1d0eac,tlosn0n5,2,99,49,true,2,3,3,down,1710,loss,0.4854,0.8555,0.4854,-1,-21,main_trial,ok,0,win,0,0
69f7e812b1abc5db9b1d0eac,tlosn0n5,2,100,50,true,2,3,3,down,1456,win,0.6035,0.8832,0.6035,1,-20,main_trial,ok,0,loss,1,1
69f7e812b1abc5db9b1d0eac,tlosn0n5,3,101,1,false,2,4,4,down,2102,loss,0.1719,0.87,0.1719,-1,-21,main_trial,ok,0,win,0,1
69f7e812b1abc5db9b1d0eac,tlosn0n5,3,102,2,false,3,2,3,up,975,loss,0.6454,0.6454,0.8399,-1,-22,main_trial,ok,0,loss,0,0
69f7e812b1abc5db9b1d0eac,tlosn0n5,3,103,3,false,1,3,3,down,1506,win,0.6935,0.7502,0.6935,1,-21,main_trial,ok,0,loss,1,0
69f7e812b1abc5db9b1d0eac,tlosn0n5,3,104,4,false,4,1,1,down,2399,win,0.7476,0.2264,0.7476,1,-20,main_trial,ok,1,win,0,1
69f7e812b1abc5db9b1d0eac,tlosn0n5,3,105,5,false,3,1,1,down,854,win,0.7515,0.7598,0.7515,1,-19,main_trial,ok,0,win,1,1
69f7e812b1abc5db9b1d0eac,tlosn0n5,3,106,6,false,2,1,1,down,1349,loss,0.7334,0.8612,0.7334,-1,-20,main_trial,ok,0,win,1,1
69f7e812b1abc5db9b1d0eac,tlosn0n5,3,107,7,false,1,2,1,up,2430,win,0.7359,0.7359,0.8958,1,-19,main_trial,ok,0,loss,1,0
69f7e812b1abc5db9b1d0eac,tlosn0n5,3,108,8,false,2,3,3,down,2329,win,0.7607,0.8631,0.7607,1,-18,main_trial,ok,0,win,0,0
69f7e812b1abc5db9b1d0eac,tlosn0n5,3,109,9,false,1,4,1,up,3570,win,0.7358,0.7358,0.2697,1,-17,main_trial,ok,1,win,0,0
69f7e812b1abc5db9b1d0eac,tlosn0n5,3,110,10,false,1,2,1,up,877,loss,0.6498,0.6498,0.7141,-1,-18,main_trial,ok,0,win,1,1
69f7e812b1abc5db9b1d0eac,tlosn0n5,3,111,11,false,2,3,3,down,1103,win,0.6409,0.6659,0.6409,1,-17,main_trial,ok,0,loss,0,0
69f7e812b1abc5db9b1d0eac,tlosn0n5,3,112,12,false,1,3,3,down,916,win,0.7031,0.5848,0.7031,1,-16,main_trial,ok,1,win,1,1
69f7e812b1abc5db9b1d0eac,tlosn0n5,3,113,13,false,1,2,1,up,932,loss,0.5641,0.5641,0.6589,-1,-17,main_trial,ok,0,win,0,0
69f7e812b1abc5db9b1d0eac,tlosn0n5,3,114,14,false,3,4,4,down,2524,loss,0.1222,0.5889,0.1222,-1,-18,main_trial,ok,0,loss,0,0
69f7e812b1abc5db9b1d0eac,tlosn0n5,3,115,15,false,3,2,3,up,1234,win,0.547,0.547,0.6578,1,-17,main_trial,ok,0,loss,0,0
69f7e812b1abc5db9b1d0eac,tlosn0n5,3,116,16,false,2,1,1,down,1569,win,0.6054,0.6715,0.6054,1,-16,main_trial,ok,0,win,0,0
69f7e812b1abc5db9b1d0eac,tlosn0n5,3,117,17,false,2,3,3,down,2318,loss,0.527,0.6697,0.527,-1,-17,main_trial,ok,0,win,0,1
69f7e812b1abc5db9b1d0eac,tlosn0n5,3,118,18,false,1,3,3,down,2225,loss,0.5061,0.525,0.5061,-1,-18,main_trial,ok,0,loss,1,1
69f7e812b1abc5db9b1d0eac,tlosn0n5,3,119,19,false,3,2,3,up,1269,loss,0.5371,0.5371,0.655,-1,-19,main_trial,ok,0,loss,1,0
69f7e812b1abc5db9b1d0eac,tlosn0n5,3,120,20,false,2,4,2,up,2031,win,0.6733,0.6733,0.2145,1,-18,main_trial,ok,1,loss,0,1
69f7e812b1abc5db9b1d0eac,tlosn0n5,3,121,21,false,4,2,4,up,2100,loss,0.2592,0.2592,0.7039,-1,-19,main_trial,ok,0,win,0,1
69f7e812b1abc5db9b1d0eac,tlosn0n5,3,122,22,false,1,4,4,down,1772,win,0.2811,0.5859,0.2811,1,-18,main_trial,ok,0,loss,1,0
69f7e812b1abc5db9b1d0eac,tlosn0n5,3,123,23,false,3,1,3,up,966,win,0.4914,0.4914,0.5239,1,-17,main_trial,ok,0,win,0,0
69f7e812b1abc5db9b1d0eac,tlosn0n5,3,124,24,false,2,4,4,down,1257,loss,0.1568,0.7197,0.1568,-1,-18,main_trial,ok,0,win,0,0
69f7e812b1abc5db9b1d0eac,tlosn0n5,3,125,25,false,1,4,1,up,1734,win,0.6195,0.6195,0.14,1,-17,main_trial,ok,1,loss,0,0
69f7e812b1abc5db9b1d0eac,tlosn0n5,3,126,26,false,4,1,1,down,1640,win,0.6506,0.1014,0.6506,1,-16,main_trial,ok,1,win,1,0
69f7e812b1abc5db9b1d0eac,tlosn0n5,3,127,27,false,3,4,3,up,1250,win,0.5533,0.5533,0.1106,1,-15,main_trial,ok,1,win,0,0
69f7e812b1abc5db9b1d0eac,tlosn0n5,3,128,28,false,4,3,3,down,1390,win,0.5118,0.1568,0.5118,1,-14,main_trial,ok,1,win,1,0
69f7e812b1abc5db9b1d0eac,tlosn0n5,3,129,29,false,1,4,1,up,1441,loss,0.7055,0.7055,0.1591,-1,-15,main_trial,ok,1,win,0,0
69f7e812b1abc5db9b1d0eac,tlosn0n5,3,130,30,false,4,1,1,down,638,win,0.6841,0.248,0.6841,1,-14,main_trial,ok,1,loss,1,0
69f7e812b1abc5db9b1d0eac,tlosn0n5,3,131,31,false,4,2,4,up,1148,loss,0.2809,0.2809,0.8628,-1,-15,main_trial,ok,0,win,0,0
69f7e812b1abc5db9b1d0eac,tlosn0n5,3,132,32,false,3,1,3,up,1125,win,0.4792,0.4792,0.6515,1,-14,main_trial,ok,0,loss,0,1
69f7e812b1abc5db9b1d0eac,tlosn0n5,3,133,33,false,4,1,1,down,1311,win,0.6688,0.2652,0.6688,1,-13,main_trial,ok,1,win,0,0
69f7e812b1abc5db9b1d0eac,tlosn0n5,3,134,34,false,3,2,3,up,973,loss,0.4778,0.4778,0.8535,-1,-14,main_trial,ok,0,win,0,0
69f7e812b1abc5db9b1d0eac,tlosn0n5,3,135,35,false,1,2,1,up,1414,win,0.6797,0.6797,0.8728,1,-13,main_trial,ok,0,loss,0,1
69f7e812b1abc5db9b1d0eac,tlosn0n5,3,136,36,false,2,1,2,up,1676,win,0.8982,0.8982,0.697,1,-12,main_trial,ok,1,win,0,1
69f7e812b1abc5db9b1d0eac,tlosn0n5,3,137,37,false,4,1,1,down,2250,win,0.5724,0.3022,0.5724,1,-11,main_trial,ok,1,win,0,0
69f7e812b1abc5db9b1d0eac,tlosn0n5,3,138,38,false,3,4,3,up,2247,loss,0.5445,0.5445,0.1968,-1,-12,main_trial,ok,1,win,0,0
69f7e812b1abc5db9b1d0eac,tlosn0n5,3,139,39,false,4,2,4,up,1465,loss,0.2248,0.2248,0.8932,-1,-13,main_trial,ok,0,loss,0,1
69f7e812b1abc5db9b1d0eac,tlosn0n5,3,140,40,false,2,4,4,down,1565,win,0.2064,0.8382,0.2064,1,-12,main_trial,ok,0,loss,1,0
69f7e812b1abc5db9b1d0eac,tlosn0n5,3,141,41,false,2,4,4,down,805,loss,0.2684,0.8829,0.2684,-1,-13,main_trial,ok,0,win,1,1
69f7e812b1abc5db9b1d0eac,tlosn0n5,3,142,42,false,2,4,4,down,882,loss,0.2606,0.8909,0.2606,-1,-14,main_trial,ok,0,loss,1,1
69f7e812b1abc5db9b1d0eac,tlosn0n5,3,143,43,false,4,3,3,down,1261,loss,0.5679,0.2427,0.5679,-1,-15,main_trial,ok,1,loss,0,1
69f7e812b1abc5db9b1d0eac,tlosn0n5,3,144,44,false,2,3,3,down,651,win,0.5413,0.7782,0.5413,1,-14,main_trial,ok,0,loss,1,1
69f7e812b1abc5db9b1d0eac,tlosn0n5,3,145,45,false,4,1,1,down,3024,loss,0.3349,0.3165,0.3349,-1,-15,main_trial,ok,1,win,0,1
69f7e812b1abc5db9b1d0eac,tlosn0n5,3,146,46,false,4,2,2,down,1112,win,0.819,0.2189,0.819,1,-14,main_trial,ok,1,loss,0,1
69f7e812b1abc5db9b1d0eac,tlosn0n5,3,147,47,false,4,3,3,down,761,win,0.5112,0.1282,0.5112,1,-13,main_trial,ok,1,win,0,1
69f7e812b1abc5db9b1d0eac,tlosn0n5,3,148,48,false,4,1,1,down,1199,loss,0.5825,0.1457,0.5825,-1,-14,main_trial,ok,1,win,0,1
69f7e812b1abc5db9b1d0eac,tlosn0n5,3,149,49,false,3,1,1,down,1420,win,0.6498,0.4761,0.6498,1,-13,main_trial,ok,1,loss,1,1
69f7e812b1abc5db9b1d0eac,tlosn0n5,3,150,50,false,3,2,3,up,1416,loss,0.5485,0.5485,0.7698,-1,-14,main_trial,ok,0,win,0,0
69f7e812b1abc5db9b1d0eac,tlosn0n5,4,151,1,true,2,3,3,down,956,win,0.5922,0.7306,0.5922,1,-13,main_trial,ok,0,loss,1,0
69f7e812b1abc5db9b1d0eac,tlosn0n5,4,152,2,true,2,3,3,down,843,win,0.5903,0.7356,0.5903,1,-12,main_trial,ok,0,win,1,1
69f7e812b1abc5db9b1d0eac,tlosn0n5,4,153,3,true,2,3,3,down,598,win,0.6156,0.7188,0.6156,1,-11,main_trial,ok,0,win,1,1
69f7e812b1abc5db9b1d0eac,tlosn0n5,4,154,4,true,2,3,3,down,427,win,0.5789,0.7168,0.5789,1,-10,main_trial,ok,0,win,1,1
69f7e812b1abc5db9b1d0eac,tlosn0n5,4,155,5,true,1,4,4,down,2863,loss,0.3083,0.6458,0.3083,-1,-11,main_trial,ok,0,win,0,1
69f7e812b1abc5db9b1d0eac,tlosn0n5,4,157,7,true,2,3,3,down,1479,win,0.5997,0.7581,0.5997,1,-9,main_trial,ok,0,win,0,0
69f7e812b1abc5db9b1d0eac,tlosn0n5,4,158,8,true,1,3,3,down,1005,win,0.5636,0.4474,0.5636,1,-8,main_trial,ok,1,win,1,1
69f7e812b1abc5db9b1d0eac,tlosn0n5,4,159,9,true,2,3,3,down,522,win,0.5952,0.7007,0.5952,1,-7,main_trial,ok,0,win,1,1
69f7e812b1abc5db9b1d0eac,tlosn0n5,4,160,10,true,2,4,2,up,1346,loss,0.6162,0.6162,0.4219,-1,-8,main_trial,ok,1,win,0,0
69f7e812b1abc5db9b1d0eac,tlosn0n5,4,161,11,true,4,1,4,up,1613,win,0.4413,0.4413,0.4294,1,-7,main_trial,ok,1,loss,0,1
69f7e812b1abc5db9b1d0eac,tlosn0n5,4,162,12,true,3,4,3,up,1138,win,0.4933,0.4933,0.4427,1,-6,main_trial,ok,1,win,0,1
69f7e812b1abc5db9b1d0eac,tlosn0n5,4,164,14,true,2,1,1,down,2099,loss,0.3772,0.5112,0.3772,-1,-8,main_trial,ok,0,loss,1,1
69f7e812b1abc5db9b1d0eac,tlosn0n5,4,165,15,true,1,2,2,down,674,win,0.42,0.3554,0.42,1,-7,main_trial,ok,1,loss,0,1
69f7e812b1abc5db9b1d0eac,tlosn0n5,4,166,16,true,3,4,3,up,698,loss,0.5866,0.5866,0.4338,-1,-8,main_trial,ok,1,win,0,0
69f7e812b1abc5db9b1d0eac,tlosn0n5,4,167,17,true,1,2,2,down,919,loss,0.4036,0.3084,0.4036,-1,-9,main_trial,ok,1,loss,0,0
69f7e812b1abc5db9b1d0eac,tlosn0n5,4,168,18,true,1,3,1,up,1600,loss,0.3502,0.3502,0.5307,-1,-10,main_trial,ok,0,loss,0,0
69f7e812b1abc5db9b1d0eac,tlosn0n5,4,169,19,true,1,3,3,down,795,win,0.552,0.4233,0.552,1,-9,main_trial,ok,1,loss,0,0
69f7e812b1abc5db9b1d0eac,tlosn0n5,4,170,20,true,2,1,2,up,2065,loss,0.1925,0.1925,0.3842,-1,-10,main_trial,ok,0,win,0,0
69f7e812b1abc5db9b1d0eac,tlosn0n5,4,171,21,true,3,4,3,up,722,loss,0.5861,0.5861,0.6981,-1,-11,main_trial,ok,0,loss,0,1
69f7e812b1abc5db9b1d0eac,tlosn0n5,4,172,22,true,1,4,4,down,991,win,0.733,0.3641,0.733,1,-10,main_trial,ok,1,loss,0,0
69f7e812b1abc5db9b1d0eac,tlosn0n5,4,173,23,true,3,1,1,down,2186,loss,0.4256,0.6578,0.4256,-1,-11,main_trial,ok,0,win,0,1
69f7e812b1abc5db9b1d0eac,tlosn0n5,4,174,24,true,3,1,3,up,516,loss,0.6415,0.6415,0.4733,-1,-12,main_trial,ok,1,loss,0,0
69f7e812b1abc5db9b1d0eac,tlosn0n5,4,175,25,true,3,2,3,up,930,win,0.6111,0.6111,0.1836,1,-11,main_trial,ok,1,loss,1,1
69f7e812b1abc5db9b1d0eac,tlosn0n5,4,176,26,true,4,3,3,down,610,win,0.6972,0.7572,0.6972,1,-10,main_trial,ok,0,win,1,0
69f7e812b1abc5db9b1d0eac,tlosn0n5,4,177,27,true,4,3,3,down,550,win,0.6928,0.844,0.6928,1,-9,main_trial,ok,0,win,1,1
69f7e812b1abc5db9b1d0eac,tlosn0n5,4,178,28,true,1,2,1,up,1787,win,0.4234,0.4234,0.1344,1,-8,main_trial,ok,1,win,0,0
69f7e812b1abc5db9b1d0eac,tlosn0n5,4,179,29,true,2,1,1,down,1012,loss,0.4031,0.1548,0.4031,-1,-9,main_trial,ok,1,win,1,0
69f7e812b1abc5db9b1d0eac,tlosn0n5,4,180,30,true,1,4,4,down,2213,win,0.8316,0.4612,0.8316,1,-8,main_trial,ok,1,loss,0,1
69f7e812b1abc5db9b1d0eac,tlosn0n5,4,181,31,true,4,3,3,down,835,win,0.7468,0.757,0.7468,1,-7,main_trial,ok,0,win,0,1
69f7e812b1abc5db9b1d0eac,tlosn0n5,4,182,32,true,3,1,3,up,1073,loss,0.7462,0.7462,0.536,-1,-8,main_trial,ok,1,win,1,0
69f7e812b1abc5db9b1d0eac,tlosn0n5,4,183,33,true,1,3,3,down,679,win,0.7617,0.3881,0.7617,1,-7,main_trial,ok,1,loss,1,0
69f7e812b1abc5db9b1d0eac,tlosn0n5,4,184,34,true,1,2,1,up,1352,loss,0.3286,0.3286,0.245,-1,-8,main_trial,ok,1,win,0,0
69f7e812b1abc5db9b1d0eac,tlosn0n5,4,185,35,true,1,2,1,up,1162,win,0.3546,0.3546,0.1881,1,-7,main_trial,ok,1,loss,1,1
69f7e812b1abc5db9b1d0eac,tlosn0n5,4,186,36,true,4,2,4,up,1519,loss,0.8638,0.8638,0.2703,-1,-8,main_trial,ok,1,win,0,1
69f7e812b1abc5db9b1d0eac,tlosn0n5,4,187,37,true,3,2,3,up,543,win,0.7873,0.7873,0.3421,1,-7,main_trial,ok,1,loss,0,1
69f7e812b1abc5db9b1d0eac,tlosn0n5,4,188,38,true,4,2,2,down,1884,win,0.3566,0.756,0.3566,1,-6,main_trial,ok,0,win,0,0
69f7e812b1abc5db9b1d0eac,tlosn0n5,4,189,39,true,4,3,3,down,829,loss,0.8273,0.7897,0.8273,-1,-7,main_trial,ok,1,win,0,1
69f7e812b1abc5db9b1d0eac,tlosn0n5,4,190,40,true,2,4,2,up,2172,loss,0.3673,0.3673,0.7988,-1,-8,main_trial,ok,0,loss,0,0
69f7e812b1abc5db9b1d0eac,tlosn0n5,4,191,41,true,1,4,4,down,1323,loss,0.822,0.309,0.822,-1,-9,main_trial,ok,1,loss,0,0
69f7e812b1abc5db9b1d0eac,tlosn0n5,4,192,42,true,3,1,3,up,487,win,0.8453,0.8453,0.3255,1,-8,main_trial,ok,1,loss,0,0
69f7e812b1abc5db9b1d0eac,tlosn0n5,4,193,43,true,1,2,2,down,1192,loss,0.335,0.3771,0.335,-1,-9,main_trial,ok,0,win,0,0
69f7e812b1abc5db9b1d0eac,tlosn0n5,4,194,44,true,2,3,3,down,586,loss,0.8487,0.3543,0.8487,-1,-10,main_trial,ok,1,loss,0,1
69f7e812b1abc5db9b1d0eac,tlosn0n5,4,195,45,true,4,3,3,down,796,win,0.8313,0.8238,0.8313,1,-9,main_trial,ok,1,loss,1,1
69f7e812b1abc5db9b1d0eac,tlosn0n5,4,196,46,true,1,3,3,down,601,win,0.8932,0.405,0.8932,1,-8,main_trial,ok,1,win,1,1
69f7e812b1abc5db9b1d0eac,tlosn0n5,4,197,47,true,2,3,3,down,415,win,0.8644,0.278,0.8644,1,-7,main_trial,ok,1,win,1,1
69f7e812b1abc5db9b1d0eac,tlosn0n5,4,198,48,true,2,3,3,down,651,win,0.8906,0.2192,0.8906,1,-6,main_trial,ok,1,win,1,1
69f7e812b1abc5db9b1d0eac,tlosn0n5,4,199,49,true,1,3,3,down,396,win,0.8551,0.5678,0.8551,1,-5,main_trial,ok,1,win,1,1
69f7e812b1abc5db9b1d0eac,tlosn0n5,4,200,50,true,4,2,4,up,2418,win,0.8171,0.8171,0.3396,1,-4,main_trial,ok,1,win,0,0
6a04e2a3538404f177aaf602,uzjjdjf0,1,1,1,true,4,3,4,up,843,loss,0.6013,0.6013,0.3719,-1,-1,main_trial,ok,1,NA,NA,NA
6a04e2a3538404f177aaf602,uzjjdjf0,1,2,2,true,2,4,2,up,723,loss,0.4881,0.4881,0.639,-1,-2,main_trial,ok,0,loss,0,1
6a04e2a3538404f177aaf602,uzjjdjf0,1,3,3,true,4,2,2,down,1389,win,0.4566,0.6015,0.4566,1,-1,main_trial,ok,0,loss,1,0
6a04e2a3538404f177aaf602,uzjjdjf0,1,4,4,true,3,2,2,down,850,loss,0.4304,0.414,0.4304,-1,-2,main_trial,ok,1,win,1,1
6a04e2a3538404f177aaf602,uzjjdjf0,1,5,5,true,1,2,1,up,784,loss,0.1767,0.1767,0.3666,-1,-3,main_trial,ok,0,loss,0,0
6a04e2a3538404f177aaf602,uzjjdjf0,1,6,6,true,4,3,3,down,853,loss,0.5253,0.679,0.5253,-1,-4,main_trial,ok,0,loss,0,0
6a04e2a3538404f177aaf602,uzjjdjf0,1,7,7,true,2,4,4,down,1151,loss,0.7524,0.4164,0.7524,-1,-5,main_trial,ok,1,loss,0,1
6a04e2a3538404f177aaf602,uzjjdjf0,1,8,8,true,3,1,1,down,985,loss,0.1306,0.5969,0.1306,-1,-6,main_trial,ok,0,loss,0,1
6a04e2a3538404f177aaf602,uzjjdjf0,1,9,9,true,4,2,4,up,1188,loss,0.813,0.813,0.4922,-1,-7,main_trial,ok,1,loss,0,0
6a04e2a3538404f177aaf602,uzjjdjf0,1,10,10,true,1,4,1,up,1095,loss,0.2636,0.2636,0.8408,-1,-8,main_trial,ok,0,loss,0,1
6a04e2a3538404f177aaf602,uzjjdjf0,1,11,11,true,1,4,4,down,736,win,0.8159,0.2758,0.8159,1,-7,main_trial,ok,1,loss,0,0
6a04e2a3538404f177aaf602,uzjjdjf0,1,12,12,true,4,3,4,up,468,win,0.8522,0.8522,0.6529,1,-6,main_trial,ok,1,win,1,0
6a04e2a3538404f177aaf602,uzjjdjf0,1,13,13,true,2,3,3,down,912,win,0.6875,0.6156,0.6875,1,-5,main_trial,ok,1,win,0,0
6a04e2a3538404f177aaf602,uzjjdjf0,1,14,14,true,3,1,3,up,668,win,0.7193,0.7193,0.2439,1,-4,main_trial,ok,1,win,1,0
6a04e2a3538404f177aaf602,uzjjdjf0,1,15,15,true,4,1,4,up,990,win,0.7327,0.7327,0.1775,1,-3,main_trial,ok,1,win,0,1
6a04e2a3538404f177aaf602,uzjjdjf0,1,16,16,true,3,2,3,up,1278,win,0.7066,0.7066,0.6046,1,-2,main_trial,ok,1,win,0,1
6a04e2a3538404f177aaf602,uzjjdjf0,1,17,17,true,4,1,4,up,437,loss,0.7089,0.7089,0.1023,-1,-3,main_trial,ok,1,win,0,1
6a04e2a3538404f177aaf602,uzjjdjf0,1,18,18,true,3,2,3,up,801,win,0.7663,0.7663,0.5769,1,-2,main_trial,ok,1,loss,0,1
6a04e2a3538404f177aaf602,uzjjdjf0,1,19,19,true,3,1,3,up,798,win,0.682,0.682,0.1082,1,-1,main_trial,ok,1,win,1,1
6a04e2a3538404f177aaf602,uzjjdjf0,1,20,20,true,2,4,4,down,802,win,0.6796,0.5473,0.6796,1,0,main_trial,ok,1,win,0,0
6a04e2a3538404f177aaf602,uzjjdjf0,1,21,21,true,3,2,3,up,555,win,0.5482,0.5482,0.5079,1,1,main_trial,ok,1,win,0,0
6a04e2a3538404f177aaf602,uzjjdjf0,1,22,22,true,3,4,4,down,774,win,0.7462,0.5697,0.7462,1,2,main_trial,ok,1,win,0,0
6a04e2a3538404f177aaf602,uzjjdjf0,1,23,23,true,2,4,4,down,551,loss,0.8272,0.6025,0.8272,-1,1,main_trial,ok,1,win,1,1
6a04e2a3538404f177aaf602,uzjjdjf0,1,24,24,true,1,2,2,down,1100,win,0.5696,0.2225,0.5696,1,2,main_trial,ok,1,loss,0,1
6a04e2a3538404f177aaf602,uzjjdjf0,1,25,25,true,3,1,3,up,543,win,0.5107,0.5107,0.1748,1,3,main_trial,ok,1,win,0,0
6a04e2a3538404f177aaf602,uzjjdjf0,1,26,26,true,1,3,3,down,951,loss,0.5763,0.1225,0.5763,-1,2,main_trial,ok,1,win,1,0
6a04e2a3538404f177aaf602,uzjjdjf0,1,27,27,true,4,1,4,up,1193,loss,0.7772,0.7772,0.1581,-1,1,main_trial,ok,1,loss,0,0
6a04e2a3538404f177aaf602,uzjjdjf0,1,28,28,true,4,3,3,down,1003,win,0.5418,0.8294,0.5418,1,2,main_trial,ok,0,loss,0,0
6a04e2a3538404f177aaf602,uzjjdjf0,1,29,29,true,4,1,1,down,968,loss,0.2265,0.7773,0.2265,-1,1,main_trial,ok,0,win,0,1
6a04e2a3538404f177aaf602,uzjjdjf0,1,30,30,true,4,2,2,down,799,loss,0.6176,0.7328,0.6176,-1,0,main_trial,ok,0,loss,0,1
6a04e2a3538404f177aaf602,uzjjdjf0,1,31,31,true,1,2,2,down,629,win,0.6103,0.2605,0.6103,1,1,main_trial,ok,1,loss,1,1
6a04e2a3538404f177aaf602,uzjjdjf0,1,32,32,true,3,2,2,down,593,win,0.6757,0.5642,0.6757,1,2,main_trial,ok,1,win,1,1
6a04e2a3538404f177aaf602,uzjjdjf0,1,33,33,true,3,4,3,up,1357,win,0.5384,0.5384,0.6119,1,3,main_trial,ok,0,win,0,0
6a04e2a3538404f177aaf602,uzjjdjf0,1,34,34,true,2,3,3,down,620,win,0.528,0.6221,0.528,1,4,main_trial,ok,0,win,1,0
6a04e2a3538404f177aaf602,uzjjdjf0,1,35,35,true,2,4,2,up,1392,win,0.6596,0.6596,0.4975,1,5,main_trial,ok,1,win,0,0
6a04e2a3538404f177aaf602,uzjjdjf0,1,36,36,true,1,3,3,down,856,win,0.5063,0.2749,0.5063,1,6,main_trial,ok,1,win,0,0
6a04e2a3538404f177aaf602,uzjjdjf0,1,37,37,true,4,2,4,up,1308,loss,0.4975,0.4975,0.7207,-1,5,main_trial,ok,0,win,0,0
6a04e2a3538404f177aaf602,uzjjdjf0,1,38,38,true,1,2,2,down,641,win,0.7065,0.303,0.7065,1,6,main_trial,ok,1,loss,0,0
6a04e2a3538404f177aaf602,uzjjdjf0,1,39,39,true,4,1,1,down,1284,loss,0.2728,0.5172,0.2728,-1,5,main_trial,ok,0,win,0,1
6a04e2a3538404f177aaf602,uzjjdjf0,1,40,40,true,3,2,3,up,525,loss,0.7332,0.7332,0.6941,-1,4,main_trial,ok,1,loss,0,0
6a04e2a3538404f177aaf602,uzjjdjf0,1,41,41,true,1,4,4,down,1457,loss,0.5259,0.2942,0.5259,-1,3,main_trial,ok,1,loss,0,0
6a04e2a3538404f177aaf602,uzjjdjf0,1,42,42,true,1,3,3,down,921,win,0.6894,0.2964,0.6894,1,4,main_trial,ok,1,loss,0,1
6a04e2a3538404f177aaf602,uzjjdjf0,1,43,43,true,3,2,3,up,904,win,0.7139,0.7139,0.5354,1,5,main_trial,ok,1,win,1,0
6a04e2a3538404f177aaf602,uzjjdjf0,1,44,44,true,2,3,3,down,719,win,0.6928,0.5154,0.6928,1,6,main_trial,ok,1,win,1,0
6a04e2a3538404f177aaf602,uzjjdjf0,1,45,45,true,1,2,2,down,1039,loss,0.4741,0.2728,0.4741,-1,5,main_trial,ok,1,win,0,1
6a04e2a3538404f177aaf602,uzjjdjf0,1,46,46,true,2,3,3,down,1062,win,0.7506,0.439,0.7506,1,6,main_trial,ok,1,loss,0,1
6a04e2a3538404f177aaf602,uzjjdjf0,1,47,47,true,2,3,3,down,697,win,0.7159,0.3843,0.7159,1,7,main_trial,ok,1,win,1,1
6a04e2a3538404f177aaf602,uzjjdjf0,1,48,48,true,3,4,3,up,740,loss,0.6927,0.6927,0.4836,-1,6,main_trial,ok,1,win,1,0
6a04e2a3538404f177aaf602,uzjjdjf0,1,49,49,true,3,1,3,up,1001,win,0.6984,0.6984,0.3739,1,7,main_trial,ok,1,loss,1,1
6a04e2a3538404f177aaf602,uzjjdjf0,1,50,50,true,4,3,4,up,951,win,0.387,0.387,0.6342,1,8,main_trial,ok,0,win,0,1
6a04e2a3538404f177aaf602,uzjjdjf0,2,51,1,false,3,1,3,up,827,loss,0.6195,0.6195,0.4038,-1,7,main_trial,ok,1,win,0,1
6a04e2a3538404f177aaf602,uzjjdjf0,2,52,2,false,4,2,4,up,1324,win,0.4158,0.4158,0.3897,1,8,main_trial,ok,1,loss,0,1
6a04e2a3538404f177aaf602,uzjjdjf0,2,53,3,false,3,1,1,down,1041,loss,0.392,0.6154,0.392,-1,7,main_trial,ok,0,win,0,0
6a04e2a3538404f177aaf602,uzjjdjf0,2,54,4,false,3,4,4,down,1421,win,0.3667,0.621,0.3667,1,8,main_trial,ok,0,loss,0,1
6a04e2a3538404f177aaf602,uzjjdjf0,2,55,5,false,2,1,2,up,1176,loss,0.3564,0.3564,0.3046,-1,7,main_trial,ok,1,win,0,0
6a04e2a3538404f177aaf602,uzjjdjf0,2,56,6,false,4,2,4,up,751,win,0.2368,0.2368,0.3634,1,8,main_trial,ok,0,loss,0,1
6a04e2a3538404f177aaf602,uzjjdjf0,2,57,7,false,4,2,4,up,464,loss,0.243,0.243,0.3766,-1,7,main_trial,ok,0,win,1,1
6a04e2a3538404f177aaf602,uzjjdjf0,2,58,8,false,2,4,4,down,647,loss,0.1888,0.3858,0.1888,-1,6,main_trial,ok,0,loss,1,0
6a04e2a3538404f177aaf602,uzjjdjf0,2,59,9,false,1,2,2,down,559,loss,0.461,0.4921,0.461,-1,5,main_trial,ok,0,loss,0,1
6a04e2a3538404f177aaf602,uzjjdjf0,2,60,10,false,4,2,2,down,629,win,0.4881,0.1392,0.4881,1,6,main_trial,ok,1,loss,1,1
6a04e2a3538404f177aaf602,uzjjdjf0,2,61,11,false,3,2,2,down,976,loss,0.44,0.5565,0.44,-1,5,main_trial,ok,0,win,1,1
6a04e2a3538404f177aaf602,uzjjdjf0,2,62,12,false,1,2,1,up,1323,loss,0.5746,0.5746,0.3166,-1,4,main_trial,ok,1,loss,0,0
6a04e2a3538404f177aaf602,uzjjdjf0,2,63,13,false,3,1,3,up,560,win,0.5097,0.5097,0.5929,1,5,main_trial,ok,0,loss,0,1
6a04e2a3538404f177aaf602,uzjjdjf0,2,64,14,false,2,4,4,down,1437,loss,0.168,0.3913,0.168,-1,4,main_trial,ok,0,win,0,0
6a04e2a3538404f177aaf602,uzjjdjf0,2,65,15,false,2,3,3,down,1169,loss,0.5541,0.4202,0.5541,-1,3,main_trial,ok,1,loss,0,1
6a04e2a3538404f177aaf602,uzjjdjf0,2,66,16,false,4,1,1,down,2150,loss,0.6103,0.2433,0.6103,-1,2,main_trial,ok,1,loss,0,1
6a04e2a3538404f177aaf602,uzjjdjf0,2,67,17,false,1,2,2,down,787,loss,0.4516,0.5991,0.4516,-1,1,main_trial,ok,0,loss,0,1
6a04e2a3538404f177aaf602,uzjjdjf0,2,68,18,false,1,4,4,down,976,loss,0.3094,0.5968,0.3094,-1,0,main_trial,ok,0,loss,0,1
6a04e2a3538404f177aaf602,uzjjdjf0,2,69,19,false,3,4,3,up,1342,win,0.5293,0.5293,0.2743,1,1,main_trial,ok,1,loss,0,0
6a04e2a3538404f177aaf602,uzjjdjf0,2,70,20,false,2,4,4,down,1247,loss,0.2358,0.5321,0.2358,-1,0,main_trial,ok,0,win,0,0
6a04e2a3538404f177aaf602,uzjjdjf0,2,71,21,false,3,2,3,up,1135,loss,0.537,0.537,0.5723,-1,-1,main_trial,ok,0,loss,0,0
6a04e2a3538404f177aaf602,uzjjdjf0,2,72,22,false,3,2,2,down,1333,loss,0.6133,0.5921,0.6133,-1,-2,main_trial,ok,1,loss,0,0
6a04e2a3538404f177aaf602,uzjjdjf0,2,73,23,false,4,3,3,down,1368,win,0.513,0.2235,0.513,1,-1,main_trial,ok,1,loss,0,1
6a04e2a3538404f177aaf602,uzjjdjf0,2,74,24,false,2,3,3,down,1486,win,0.5067,0.6543,0.5067,1,0,main_trial,ok,0,win,1,1
6a04e2a3538404f177aaf602,uzjjdjf0,2,75,25,false,3,4,3,up,1095,win,0.5487,0.5487,0.151,1,1,main_trial,ok,1,win,1,0
6a04e2a3538404f177aaf602,uzjjdjf0,2,76,26,false,3,4,3,up,756,loss,0.4498,0.4498,0.1619,-1,0,main_trial,ok,1,win,1,1
6a04e2a3538404f177aaf602,uzjjdjf0,2,77,27,false,1,3,3,down,1294,win,0.482,0.6946,0.482,1,1,main_trial,ok,0,loss,1,0
6a04e2a3538404f177aaf602,uzjjdjf0,2,78,28,false,3,4,3,up,971,loss,0.4725,0.4725,0.1501,-1,0,main_trial,ok,1,win,1,0
6a04e2a3538404f177aaf602,uzjjdjf0,2,79,29,false,3,1,3,up,509,win,0.444,0.444,0.5742,1,1,main_trial,ok,0,loss,1,1
6a04e2a3538404f177aaf602,uzjjdjf0,2,80,30,false,4,3,3,down,1102,loss,0.4143,0.1631,0.4143,-1,0,main_trial,ok,1,win,1,0
6a04e2a3538404f177aaf602,uzjjdjf0,2,81,31,false,2,3,3,down,854,loss,0.4321,0.8397,0.4321,-1,-1,main_trial,ok,0,loss,1,1
6a04e2a3538404f177aaf602,uzjjdjf0,2,82,32,false,4,1,4,up,1118,win,0.1585,0.1585,0.6829,1,0,main_trial,ok,0,loss,0,0
6a04e2a3538404f177aaf602,uzjjdjf0,2,83,33,false,2,4,2,up,1353,loss,0.8626,0.8626,0.175,-1,-1,main_trial,ok,1,win,0,1
6a04e2a3538404f177aaf602,uzjjdjf0,2,84,34,false,3,4,4,down,523,loss,0.1236,0.3997,0.1236,-1,-2,main_trial,ok,0,loss,0,0
6a04e2a3538404f177aaf602,uzjjdjf0,2,85,35,false,1,2,2,down,1391,win,0.8861,0.6644,0.8861,1,-1,main_trial,ok,1,loss,0,1
6a04e2a3538404f177aaf602,uzjjdjf0,2,86,36,false,1,4,4,down,1098,loss,0.1715,0.5774,0.1715,-1,-2,main_trial,ok,0,win,0,1
6a04e2a3538404f177aaf602,uzjjdjf0,2,87,37,false,2,4,4,down,1467,loss,0.1062,0.7473,0.1062,-1,-3,main_trial,ok,0,loss,1,1
6a04e2a3538404f177aaf602,uzjjdjf0,2,88,38,false,1,3,3,down,951,loss,0.3627,0.6113,0.3627,-1,-4,main_trial,ok,0,loss,0,1
6a04e2a3538404f177aaf602,uzjjdjf0,2,89,39,false,2,3,2,up,2009,loss,0.7735,0.7735,0.4087,-1,-5,main_trial,ok,1,loss,0,0
6a04e2a3538404f177aaf602,uzjjdjf0,2,90,40,false,1,3,3,down,907,loss,0.397,0.5078,0.397,-1,-6,main_trial,ok,0,loss,0,0
6a04e2a3538404f177aaf602,uzjjdjf0,2,91,41,false,4,2,4,up,1407,loss,0.1341,0.1341,0.8003,-1,-7,main_trial,ok,0,loss,0,0
6a04e2a3538404f177aaf602,uzjjdjf0,2,92,42,false,4,3,3,down,1242,win,0.4593,0.1272,0.4593,1,-6,main_trial,ok,1,loss,0,0
6a04e2a3538404f177aaf602,uzjjdjf0,2,93,43,false,4,1,1,down,912,win,0.563,0.1162,0.563,1,-5,main_trial,ok,1,win,0,1
6a04e2a3538404f177aaf602,uzjjdjf0,2,94,44,false,3,4,3,up,1195,loss,0.435,0.435,0.1205,-1,-6,main_trial,ok,1,win,0,0
6a04e2a3538404f177aaf602,uzjjdjf0,2,95,45,false,1,2,1,up,1066,win,0.6653,0.6653,0.7853,1,-5,main_trial,ok,0,loss,0,1
6a04e2a3538404f177aaf602,uzjjdjf0,2,96,46,false,3,1,1,down,902,loss,0.6784,0.4323,0.6784,-1,-6,main_trial,ok,1,win,1,0
6a04e2a3538404f177aaf602,uzjjdjf0,2,97,47,false,2,1,1,down,1305,loss,0.5894,0.7808,0.5894,-1,-7,main_trial,ok,0,loss,1,1
6a04e2a3538404f177aaf602,uzjjdjf0,2,98,48,false,1,3,3,down,1414,win,0.4601,0.6112,0.4601,1,-6,main_trial,ok,0,loss,0,1
6a04e2a3538404f177aaf602,uzjjdjf0,2,99,49,false,2,4,2,up,1275,win,0.8555,0.8555,0.2194,1,-5,main_trial,ok,1,win,0,0
6a04e2a3538404f177aaf602,uzjjdjf0,2,100,50,false,4,2,2,down,1004,win,0.8832,0.2366,0.8832,1,-4,main_trial,ok,1,win,1,0
6a04e2a3538404f177aaf602,uzjjdjf0,3,101,1,true,2,1,2,up,826,loss,0.87,0.87,0.678,-1,-5,main_trial,ok,1,win,1,0
6a04e2a3538404f177aaf602,uzjjdjf0,3,102,2,true,2,4,4,down,1072,loss,0.1518,0.8399,0.1518,-1,-6,main_trial,ok,0,loss,0,0
6a04e2a3538404f177aaf602,uzjjdjf0,3,103,3,true,4,2,2,down,1014,win,0.8007,0.2043,0.8007,1,-5,main_trial,ok,1,loss,0,1
6a04e2a3538404f177aaf602,uzjjdjf0,3,104,4,true,3,4,3,up,1086,win,0.7726,0.7726,0.2264,1,-4,main_trial,ok,1,win,0,0
6a04e2a3538404f177aaf602,uzjjdjf0,3,105,5,true,1,2,1,up,1512,win,0.7515,0.7515,0.8678,1,-3,main_trial,ok,0,win,0,1
6a04e2a3538404f177aaf602,uzjjdjf0,3,106,6,true,4,3,3,down,921,win,0.7639,0.28,0.7639,1,-2,main_trial,ok,1,win,0,0
6a04e2a3538404f177aaf602,uzjjdjf0,3,107,7,true,4,3,3,down,928,win,0.7616,0.24,0.7616,1,-1,main_trial,ok,1,win,1,1
6a04e2a3538404f177aaf602,uzjjdjf0,3,108,8,true,3,2,2,down,1055,win,0.8631,0.7607,0.8631,1,0,main_trial,ok,1,win,0,1
6a04e2a3538404f177aaf602,uzjjdjf0,3,109,9,true,1,2,1,up,1172,loss,0.7358,0.7358,0.7946,-1,-1,main_trial,ok,0,win,0,0
6a04e2a3538404f177aaf602,uzjjdjf0,3,110,10,true,1,2,1,up,814,loss,0.6498,0.6498,0.7141,-1,-2,main_trial,ok,0,loss,1,1
6a04e2a3538404f177aaf602,uzjjdjf0,3,111,11,true,4,1,1,down,2729,win,0.6355,0.1551,0.6355,1,-1,main_trial,ok,1,loss,1,0
6a04e2a3538404f177aaf602,uzjjdjf0,3,112,12,true,4,1,1,down,870,loss,0.5848,0.15,0.5848,-1,-2,main_trial,ok,1,win,1,1
6a04e2a3538404f177aaf602,uzjjdjf0,3,113,13,true,3,1,3,up,1066,win,0.652,0.652,0.5641,1,-1,main_trial,ok,1,loss,0,0
6a04e2a3538404f177aaf602,uzjjdjf0,3,114,14,true,4,2,2,down,1877,win,0.6429,0.1222,0.6429,1,0,main_trial,ok,1,win,0,0
6a04e2a3538404f177aaf602,uzjjdjf0,3,115,15,true,3,1,3,up,990,loss,0.547,0.547,0.6325,-1,-1,main_trial,ok,0,win,0,0
6a04e2a3538404f177aaf602,uzjjdjf0,3,116,16,true,1,2,1,up,1211,loss,0.6054,0.6054,0.6715,-1,-2,main_trial,ok,0,loss,0,1
6a04e2a3538404f177aaf602,uzjjdjf0,3,117,17,true,1,3,3,down,841,loss,0.527,0.5684,0.527,-1,-3,main_trial,ok,0,loss,0,0
6a04e2a3538404f177aaf602,uzjjdjf0,3,118,18,true,4,2,4,up,903,loss,0.2564,0.2564,0.647,-1,-4,main_trial,ok,0,loss,0,0
6a04e2a3538404f177aaf602,uzjjdjf0,3,119,19,true,3,1,1,down,1772,win,0.6073,0.5371,0.6073,1,-3,main_trial,ok,1,loss,0,0
6a04e2a3538404f177aaf602,uzjjdjf0,3,120,20,true,4,3,3,down,1410,win,0.5402,0.2145,0.5402,1,-2,main_trial,ok,1,win,0,1
6a04e2a3538404f177aaf602,uzjjdjf0,3,121,21,true,1,4,4,down,1501,win,0.2592,0.6053,0.2592,1,-1,main_trial,ok,0,win,0,1
6a04e2a3538404f177aaf602,uzjjdjf0,3,122,22,true,1,4,4,down,862,loss,0.2811,0.5859,0.2811,-1,-2,main_trial,ok,0,win,1,1
6a04e2a3538404f177aaf602,uzjjdjf0,3,123,23,true,2,1,1,down,1235,win,0.5239,0.7182,0.5239,1,-1,main_trial,ok,0,loss,0,1
6a04e2a3538404f177aaf602,uzjjdjf0,3,124,24,true,4,3,3,down,1375,loss,0.4707,0.1568,0.4707,-1,-2,main_trial,ok,1,win,0,1
6a04e2a3538404f177aaf602,uzjjdjf0,3,125,25,true,3,1,1,down,1366,loss,0.6195,0.5588,0.6195,-1,-3,main_trial,ok,1,loss,0,1
6a04e2a3538404f177aaf602,uzjjdjf0,3,126,26,true,1,3,3,down,1144,win,0.5139,0.6506,0.5139,1,-2,main_trial,ok,0,loss,0,1
6a04e2a3538404f177aaf602,uzjjdjf0,3,127,27,true,2,4,4,down,837,loss,0.1106,0.8754,0.1106,-1,-3,main_trial,ok,0,win,0,1
6a04e2a3538404f177aaf602,uzjjdjf0,3,128,28,true,2,1,1,down,1318,win,0.7006,0.8845,0.7006,1,-2,main_trial,ok,0,loss,0,1
6a04e2a3538404f177aaf602,uzjjdjf0,3,129,29,true,4,3,4,up,1199,loss,0.1591,0.1591,0.5796,-1,-3,main_trial,ok,0,win,0,0
6a04e2a3538404f177aaf602,uzjjdjf0,3,130,30,true,1,2,1,up,1151,loss,0.6841,0.6841,0.8503,-1,-4,main_trial,ok,0,loss,0,1
6a04e2a3538404f177aaf602,uzjjdjf0,3,131,31,true,1,3,3,down,1412,win,0.536,0.6248,0.536,1,-3,main_trial,ok,0,loss,0,0
6a04e2a3538404f177aaf602,uzjjdjf0,3,132,32,true,1,4,4,down,1099,win,0.3183,0.6515,0.3183,1,-2,main_trial,ok,0,win,0,1
6a04e2a3538404f177aaf602,uzjjdjf0,3,133,33,true,4,3,3,down,1286,win,0.4213,0.2652,0.4213,1,-1,main_trial,ok,1,win,0,1
6a04e2a3538404f177aaf602,uzjjdjf0,3,134,34,true,3,4,3,up,1412,win,0.4778,0.4778,0.321,1,0,main_trial,ok,1,win,1,0
6a04e2a3538404f177aaf602,uzjjdjf0,3,135,35,true,4,3,3,down,861,win,0.4445,0.3203,0.4445,1,1,main_trial,ok,1,win,1,0
6a04e2a3538404f177aaf602,uzjjdjf0,3,136,36,true,4,1,1,down,1452,loss,0.697,0.2198,0.697,-1,0,main_trial,ok,1,win,0,1
6a04e2a3538404f177aaf602,uzjjdjf0,3,137,37,true,4,2,2,down,1309,win,0.8909,0.3022,0.8909,1,1,main_trial,ok,1,loss,0,1
6a04e2a3538404f177aaf602,uzjjdjf0,3,138,38,true,2,4,2,up,1106,win,0.8936,0.8936,0.1968,1,2,main_trial,ok,1,win,1,0
6a04e2a3538404f177aaf602,uzjjdjf0,3,139,39,true,3,4,3,up,862,win,0.5372,0.5372,0.2248,1,3,main_trial,ok,1,win,0,1
6a04e2a3538404f177aaf602,uzjjdjf0,3,140,40,true,2,1,2,up,1216,win,0.8382,0.8382,0.5338,1,4,main_trial,ok,1,win,0,1
6a04e2a3538404f177aaf602,uzjjdjf0,3,141,41,true,4,2,2,down,1438,win,0.8829,0.2684,0.8829,1,5,main_trial,ok,1,win,1,0
6a04e2a3538404f177aaf602,uzjjdjf0,3,142,42,true,1,2,1,up,763,win,0.4488,0.4488,0.8909,1,6,main_trial,ok,0,win,0,0
6a04e2a3538404f177aaf602,uzjjdjf0,3,143,43,true,4,1,1,down,1000,win,0.4504,0.2427,0.4504,1,7,main_trial,ok,1,win,1,0
6a04e2a3538404f177aaf602,uzjjdjf0,3,144,44,true,4,3,3,down,574,loss,0.5413,0.2702,0.5413,-1,6,main_trial,ok,1,win,0,1
6a04e2a3538404f177aaf602,uzjjdjf0,3,145,45,true,2,1,1,down,902,loss,0.3349,0.8116,0.3349,-1,5,main_trial,ok,0,loss,0,1
6a04e2a3538404f177aaf602,uzjjdjf0,3,146,46,true,4,2,4,up,881,loss,0.2189,0.2189,0.819,-1,4,main_trial,ok,0,loss,0,0
6a04e2a3538404f177aaf602,uzjjdjf0,3,147,47,true,4,2,2,down,775,win,0.8746,0.1282,0.8746,1,5,main_trial,ok,1,loss,0,0
6a04e2a3538404f177aaf602,uzjjdjf0,3,148,48,true,1,4,1,up,1944,loss,0.5825,0.5825,0.1457,-1,4,main_trial,ok,1,win,0,0
6a04e2a3538404f177aaf602,uzjjdjf0,3,149,49,true,4,2,2,down,1225,win,0.8483,0.1442,0.8483,1,5,main_trial,ok,1,loss,0,0
6a04e2a3538404f177aaf602,uzjjdjf0,3,150,50,true,2,3,3,down,1043,win,0.5485,0.7698,0.5485,1,6,main_trial,ok,0,win,0,1
6a04e2a3538404f177aaf602,uzjjdjf0,4,151,1,false,4,3,3,down,834,win,0.5922,0.1014,0.5922,1,7,main_trial,ok,1,win,1,1
6a04e2a3538404f177aaf602,uzjjdjf0,4,152,2,false,4,3,3,down,653,loss,0.5903,0.1709,0.5903,-1,6,main_trial,ok,1,win,1,1
6a04e2a3538404f177aaf602,uzjjdjf0,4,153,3,false,2,1,1,down,1111,loss,0.6416,0.7188,0.6416,-1,5,main_trial,ok,0,loss,0,1
6a04e2a3538404f177aaf602,uzjjdjf0,4,154,4,false,1,3,3,down,1307,win,0.5789,0.6495,0.5789,1,6,main_trial,ok,0,loss,0,1
6a04e2a3538404f177aaf602,uzjjdjf0,4,155,5,false,2,1,2,up,933,win,0.7619,0.7619,0.6458,1,7,main_trial,ok,1,win,0,0
6a04e2a3538404f177aaf602,uzjjdjf0,4,156,6,false,4,1,1,down,1522,win,0.596,0.3267,0.596,1,8,main_trial,ok,1,win,0,0
6a04e2a3538404f177aaf602,uzjjdjf0,4,157,7,false,1,3,1,up,1078,win,0.5253,0.5253,0.5997,1,9,main_trial,ok,0,win,1,0
6a04e2a3538404f177aaf602,uzjjdjf0,4,158,8,false,3,4,3,up,1047,win,0.5636,0.5636,0.3758,1,10,main_trial,ok,1,win,0,1
6a04e2a3538404f177aaf602,uzjjdjf0,4,159,9,false,4,2,2,down,959,loss,0.7007,0.4941,0.7007,-1,9,main_trial,ok,1,win,0,0
6a04e2a3538404f177aaf602,uzjjdjf0,4,160,10,false,3,1,1,down,708,win,0.4408,0.5494,0.4408,1,10,main_trial,ok,0,loss,0,1
6a04e2a3538404f177aaf602,uzjjdjf0,4,161,11,false,1,4,1,up,1109,win,0.4294,0.4294,0.4413,1,11,main_trial,ok,0,win,1,0
6a04e2a3538404f177aaf602,uzjjdjf0,4,162,12,false,4,1,1,down,806,loss,0.4358,0.4427,0.4358,-1,10,main_trial,ok,0,win,1,0
6a04e2a3538404f177aaf602,uzjjdjf0,4,163,13,false,1,4,1,up,753,loss,0.4128,0.4128,0.4279,-1,9,main_trial,ok,0,loss,1,0
6a04e2a3538404f177aaf602,uzjjdjf0,4,164,14,false,4,3,3,down,1013,win,0.4725,0.5064,0.4725,1,10,main_trial,ok,0,loss,0,0
6a04e2a3538404f177aaf602,uzjjdjf0,4,165,15,false,2,1,1,down,1622,loss,0.3554,0.42,0.3554,-1,9,main_trial,ok,0,win,0,1
6a04e2a3538404f177aaf602,uzjjdjf0,4,166,16,false,4,2,4,up,2001,loss,0.4338,0.4338,0.3812,-1,8,main_trial,ok,1,loss,0,0
6a04e2a3538404f177aaf602,uzjjdjf0,4,167,17,false,1,4,1,up,1591,loss,0.3084,0.3084,0.5305,-1,7,main_trial,ok,0,loss,0,1
6a04e2a3538404f177aaf602,uzjjdjf0,4,168,18,false,4,3,3,down,917,win,0.5307,0.5193,0.5307,1,8,main_trial,ok,1,loss,0,0
6a04e2a3538404f177aaf602,uzjjdjf0,4,169,19,false,4,1,4,up,590,loss,0.605,0.605,0.4233,-1,7,main_trial,ok,1,win,0,0
6a04e2a3538404f177aaf602,uzjjdjf0,4,170,20,false,2,3,3,down,1232,loss,0.5465,0.1925,0.5465,-1,6,main_trial,ok,1,loss,0,0
6a04e2a3538404f177aaf602,uzjjdjf0,4,171,21,false,2,3,2,up,828,loss,0.178,0.178,0.5861,-1,5,main_trial,ok,0,loss,0,0
6a04e2a3538404f177aaf602,uzjjdjf0,4,172,22,false,2,3,3,down,628,win,0.6012,0.1933,0.6012,1,6,main_trial,ok,1,loss,0,0
6a04e2a3538404f177aaf602,uzjjdjf0,4,173,23,false,2,1,1,down,1152,loss,0.4256,0.1882,0.4256,-1,5,main_trial,ok,1,win,0,1
6a04e2a3538404f177aaf602,uzjjdjf0,4,174,24,false,1,4,4,down,1646,win,0.7828,0.4733,0.7828,1,6,main_trial,ok,1,loss,0,1
6a04e2a3538404f177aaf602,uzjjdjf0,4,175,25,false,2,4,4,down,1577,win,0.7525,0.1836,0.7525,1,7,main_trial,ok,1,win,1,1
6a04e2a3538404f177aaf602,uzjjdjf0,4,176,26,false,4,3,4,up,1058,loss,0.7572,0.7572,0.6972,-1,6,main_trial,ok,1,win,1,0
6a04e2a3538404f177aaf602,uzjjdjf0,4,177,27,false,1,3,3,down,1440,loss,0.6928,0.3486,0.6928,-1,5,main_trial,ok,1,loss,0,0
6a04e2a3538404f177aaf602,uzjjdjf0,4,178,28,false,1,4,4,down,1246,win,0.7853,0.4234,0.7853,1,6,main_trial,ok,1,loss,0,1
6a04e2a3538404f177aaf602,uzjjdjf0,4,179,29,false,3,1,3,up,1081,win,0.7326,0.7326,0.4031,1,7,main_trial,ok,1,win,0,0
6a04e2a3538404f177aaf602,uzjjdjf0,4,180,30,false,4,3,3,down,963,win,0.768,0.8316,0.768,1,8,main_trial,ok,0,win,1,0
6a04e2a3538404f177aaf602,uzjjdjf0,4,181,31,false,3,1,3,up,1000,win,0.7468,0.7468,0.4655,1,9,main_trial,ok,1,win,1,0
6a04e2a3538404f177aaf602,uzjjdjf0,4,182,32,false,3,4,3,up,839,win,0.7462,0.7462,0.7282,1,10,main_trial,ok,1,win,1,1
6a04e2a3538404f177aaf602,uzjjdjf0,4,183,33,false,4,2,4,up,1101,win,0.7419,0.7419,0.2975,1,11,main_trial,ok,1,win,0,1
6a04e2a3538404f177aaf602,uzjjdjf0,4,184,34,false,4,3,3,down,975,win,0.7897,0.7621,0.7897,1,12,main_trial,ok,1,win,0,0
6a04e2a3538404f177aaf602,uzjjdjf0,4,185,35,false,2,3,3,down,1287,win,0.7617,0.1881,0.7617,1,13,main_trial,ok,1,win,1,1
6a04e2a3538404f177aaf602,uzjjdjf0,4,186,36,false,2,4,4,down,733,win,0.8638,0.2703,0.8638,1,14,main_trial,ok,1,win,0,1
6a04e2a3538404f177aaf602,uzjjdjf0,4,187,37,false,2,3,3,down,918,win,0.7873,0.3421,0.7873,1,15,main_trial,ok,1,win,0,1
6a04e2a3538404f177aaf602,uzjjdjf0,4,188,38,false,2,3,3,down,791,win,0.8017,0.3566,0.8017,1,16,main_trial,ok,1,win,1,1
6a04e2a3538404f177aaf602,uzjjdjf0,4,189,39,false,2,3,3,down,559,loss,0.8273,0.3276,0.8273,-1,15,main_trial,ok,1,win,1,1
6a04e2a3538404f177aaf602,uzjjdjf0,4,190,40,false,3,2,3,up,886,loss,0.8517,0.8517,0.3673,-1,14,main_trial,ok,1,loss,1,0
6a04e2a3538404f177aaf602,uzjjdjf0,4,191,41,false,1,4,4,down,1318,win,0.822,0.309,0.822,1,15,main_trial,ok,1,loss,0,0
6a04e2a3538404f177aaf602,uzjjdjf0,4,192,42,false,4,3,4,up,2655,loss,0.8898,0.8898,0.8453,-1,14,main_trial,ok,1,win,1,0
6a04e2a3538404f177aaf602,uzjjdjf0,4,193,43,false,1,3,3,down,1466,win,0.8201,0.3771,0.8201,1,15,main_trial,ok,1,loss,0,0
6a04e2a3538404f177aaf602,uzjjdjf0,4,194,44,false,3,4,3,up,1798,win,0.8487,0.8487,0.8456,1,16,main_trial,ok,1,win,1,0
6a04e2a3538404f177aaf602,uzjjdjf0,4,195,45,false,3,2,2,down,739,loss,0.3472,0.8313,0.3472,-1,15,main_trial,ok,0,win,0,0
6a04e2a3538404f177aaf602,uzjjdjf0,4,196,46,false,4,1,4,up,1310,loss,0.7488,0.7488,0.405,-1,14,main_trial,ok,1,loss,0,0
6a04e2a3538404f177aaf602,uzjjdjf0,4,197,47,false,2,4,4,down,1204,win,0.8274,0.278,0.8274,1,15,main_trial,ok,1,loss,1,0
6a04e2a3538404f177aaf602,uzjjdjf0,4,198,48,false,3,1,3,up,761,win,0.8906,0.8906,0.4521,1,16,main_trial,ok,1,win,0,0
6a04e2a3538404f177aaf602,uzjjdjf0,4,199,49,false,2,1,2,up,1388,loss,0.2841,0.2841,0.5678,-1,15,main_trial,ok,0,win,0,1
6a04e2a3538404f177aaf602,uzjjdjf0,4,200,50,false,3,1,3,up,1087,win,0.8528,0.8528,0.5304,1,16,main_trial,ok,1,loss,0,1
66cc6eb364154a51d4d44eb1,wdoh5wcf,1,1,1,false,3,2,2,down,2038,loss,0.6471,0.2708,0.6471,-1,-1,main_trial,ok,1,NA,NA,NA
66cc6eb364154a51d4d44eb1,wdoh5wcf,1,2,2,false,3,4,3,up,1121,loss,0.2941,0.2941,0.5857,-1,-2,main_trial,ok,0,loss,0,0
66cc6eb364154a51d4d44eb1,wdoh5wcf,1,3,3,false,1,2,1,up,685,win,0.3558,0.3558,0.6822,1,-1,main_trial,ok,0,loss,0,1
66cc6eb364154a51d4d44eb1,wdoh5wcf,1,4,4,false,4,2,4,up,842,win,0.5055,0.5055,0.6576,1,0,main_trial,ok,0,win,0,1
66cc6eb364154a51d4d44eb1,wdoh5wcf,1,5,5,false,3,2,3,up,1531,win,0.4275,0.4275,0.6758,1,1,main_trial,ok,0,win,0,1
66cc6eb364154a51d4d44eb1,wdoh5wcf,1,6,6,false,3,1,1,down,920,loss,0.3466,0.4292,0.3466,-1,0,main_trial,ok,0,win,0,0
66cc6eb364154a51d4d44eb1,wdoh5wcf,1,7,7,false,2,4,4,down,730,win,0.5088,0.6487,0.5088,1,1,main_trial,ok,0,loss,0,1
66cc6eb364154a51d4d44eb1,wdoh5wcf,1,8,8,false,1,4,4,down,1318,win,0.4539,0.4223,0.4539,1,2,main_trial,ok,1,win,1,1
66cc6eb364154a51d4d44eb1,wdoh5wcf,1,9,9,false,1,3,3,down,1372,loss,0.4085,0.4019,0.4085,-1,1,main_trial,ok,1,win,0,1
66cc6eb364154a51d4d44eb1,wdoh5wcf,1,10,10,false,2,1,1,down,775,loss,0.2473,0.6065,0.2473,-1,0,main_trial,ok,0,loss,0,1
66cc6eb364154a51d4d44eb1,wdoh5wcf,1,11,11,false,1,2,1,up,746,loss,0.292,0.292,0.6015,-1,-1,main_trial,ok,0,loss,1,0
66cc6eb364154a51d4d44eb1,wdoh5wcf,1,12,12,false,1,3,1,up,759,loss,0.233,0.233,0.381,-1,-2,main_trial,ok,0,loss,1,1
66cc6eb364154a51d4d44eb1,wdoh5wcf,1,13,13,false,1,4,4,down,716,loss,0.5018,0.2495,0.5018,-1,-3,main_trial,ok,1,loss,0,0
66cc6eb364154a51d4d44eb1,wdoh5wcf,1,14,14,false,1,2,1,up,693,loss,0.2435,0.2435,0.679,-1,-4,main_trial,ok,0,loss,0,0
66cc6eb364154a51d4d44eb1,wdoh5wcf,1,15,15,false,3,4,4,down,756,win,0.5041,0.4636,0.5041,1,-3,main_trial,ok,1,loss,0,0
66cc6eb364154a51d4d44eb1,wdoh5wcf,1,16,16,false,2,1,1,down,742,win,0.2524,0.5504,0.2524,1,-2,main_trial,ok,0,win,0,1
66cc6eb364154a51d4d44eb1,wdoh5wcf,1,17,17,false,1,2,1,up,918,loss,0.2327,0.2327,0.5709,-1,-3,main_trial,ok,0,win,1,0
66cc6eb364154a51d4d44eb1,wdoh5wcf,1,18,18,false,1,4,1,up,1037,loss,0.2787,0.2787,0.6068,-1,-4,main_trial,ok,0,loss,1,1
66cc6eb364154a51d4d44eb1,wdoh5wcf,1,19,19,false,3,2,3,up,1154,win,0.607,0.607,0.5289,1,-3,main_trial,ok,1,loss,0,1
66cc6eb364154a51d4d44eb1,wdoh5wcf,1,20,20,false,1,4,4,down,990,win,0.604,0.3134,0.604,1,-2,main_trial,ok,1,win,0,0
66cc6eb364154a51d4d44eb1,wdoh5wcf,1,21,21,false,2,1,1,down,710,loss,0.2213,0.6117,0.2213,-1,-3,main_trial,ok,0,win,0,1
66cc6eb364154a51d4d44eb1,wdoh5wcf,1,22,22,false,2,3,2,up,730,win,0.6676,0.6676,0.7114,1,-2,main_trial,ok,0,loss,0,0
66cc6eb364154a51d4d44eb1,wdoh5wcf,1,23,23,false,3,1,3,up,1151,loss,0.672,0.672,0.1561,-1,-3,main_trial,ok,1,win,0,1
66cc6eb364154a51d4d44eb1,wdoh5wcf,1,24,24,false,3,2,2,down,1081,win,0.6932,0.6209,0.6932,1,-2,main_trial,ok,1,loss,0,0
66cc6eb364154a51d4d44eb1,wdoh5wcf,1,25,25,false,1,3,3,down,1443,win,0.7154,0.1183,0.7154,1,-1,main_trial,ok,1,win,0,1
66cc6eb364154a51d4d44eb1,wdoh5wcf,1,26,26,false,1,2,2,down,785,loss,0.6426,0.1348,0.6426,-1,-2,main_trial,ok,1,win,0,1
66cc6eb364154a51d4d44eb1,wdoh5wcf,1,27,27,false,4,1,4,up,668,win,0.585,0.585,0.1458,1,-1,main_trial,ok,1,loss,0,0
66cc6eb364154a51d4d44eb1,wdoh5wcf,1,28,28,false,1,2,1,up,861,loss,0.2429,0.2429,0.5917,-1,-2,main_trial,ok,0,win,0,1
66cc6eb364154a51d4d44eb1,wdoh5wcf,1,29,29,false,2,3,2,up,1117,loss,0.6126,0.6126,0.5722,-1,-3,main_trial,ok,1,loss,0,1
66cc6eb364154a51d4d44eb1,wdoh5wcf,1,30,30,false,1,2,1,up,578,loss,0.243,0.243,0.5205,-1,-4,main_trial,ok,0,loss,0,1
66cc6eb364154a51d4d44eb1,wdoh5wcf,1,31,31,false,4,3,3,down,665,win,0.468,0.3734,0.468,1,-3,main_trial,ok,1,loss,0,0
66cc6eb364154a51d4d44eb1,wdoh5wcf,1,32,32,false,2,3,2,up,695,loss,0.5337,0.5337,0.4102,-1,-4,main_trial,ok,1,win,0,0
66cc6eb364154a51d4d44eb1,wdoh5wcf,1,33,33,false,1,2,2,down,733,loss,0.4881,0.2953,0.4881,-1,-5,main_trial,ok,1,loss,1,0
66cc6eb364154a51d4d44eb1,wdoh5wcf,1,34,34,false,4,2,4,up,752,loss,0.3212,0.3212,0.4028,-1,-6,main_trial,ok,0,loss,0,0
66cc6eb364154a51d4d44eb1,wdoh5wcf,1,35,35,false,2,1,2,up,551,win,0.3962,0.3962,0.3265,1,-5,main_trial,ok,1,loss,0,1
66cc6eb364154a51d4d44eb1,wdoh5wcf,1,36,36,false,1,2,2,down,1139,loss,0.4749,0.3711,0.4749,-1,-6,main_trial,ok,1,win,1,0
66cc6eb364154a51d4d44eb1,wdoh5wcf,1,37,37,false,4,1,4,up,878,loss,0.3262,0.3262,0.3481,-1,-7,main_trial,ok,0,loss,0,0
66cc6eb364154a51d4d44eb1,wdoh5wcf,1,38,38,false,4,3,4,up,554,win,0.368,0.368,0.5638,1,-6,main_trial,ok,0,loss,1,1
66cc6eb364154a51d4d44eb1,wdoh5wcf,1,39,39,false,1,4,1,up,875,loss,0.4066,0.4066,0.4288,-1,-7,main_trial,ok,0,win,0,1
66cc6eb364154a51d4d44eb1,wdoh5wcf,1,40,40,false,3,2,2,down,1152,win,0.6446,0.5119,0.6446,1,-6,main_trial,ok,1,loss,0,0
66cc6eb364154a51d4d44eb1,wdoh5wcf,1,41,41,false,2,3,3,down,1416,loss,0.5653,0.6322,0.5653,-1,-7,main_trial,ok,0,win,0,1
66cc6eb364154a51d4d44eb1,wdoh5wcf,1,42,42,false,3,1,1,down,1346,loss,0.4957,0.5909,0.4957,-1,-8,main_trial,ok,0,loss,0,1
66cc6eb364154a51d4d44eb1,wdoh5wcf,1,43,43,false,4,3,4,up,777,loss,0.3412,0.3412,0.6387,-1,-9,main_trial,ok,0,loss,0,0
66cc6eb364154a51d4d44eb1,wdoh5wcf,1,44,44,false,2,1,1,down,983,loss,0.4068,0.7608,0.4068,-1,-10,main_trial,ok,0,loss,0,0
66cc6eb364154a51d4d44eb1,wdoh5wcf,1,45,45,false,3,4,4,down,606,win,0.3363,0.6871,0.3363,1,-9,main_trial,ok,0,loss,0,1
66cc6eb364154a51d4d44eb1,wdoh5wcf,1,46,46,false,2,1,1,down,699,loss,0.5208,0.695,0.5208,-1,-10,main_trial,ok,0,win,0,1
66cc6eb364154a51d4d44eb1,wdoh5wcf,1,47,47,false,4,2,2,down,1210,loss,0.7271,0.4018,0.7271,-1,-11,main_trial,ok,1,loss,0,1
66cc6eb364154a51d4d44eb1,wdoh5wcf,1,48,48,false,2,4,4,down,1293,loss,0.2953,0.7964,0.2953,-1,-12,main_trial,ok,0,loss,0,1
66cc6eb364154a51d4d44eb1,wdoh5wcf,1,49,49,false,2,4,2,up,662,win,0.7808,0.7808,0.273,1,-11,main_trial,ok,1,loss,0,0
66cc6eb364154a51d4d44eb1,wdoh5wcf,1,50,50,false,4,3,3,down,1612,win,0.7343,0.2372,0.7343,1,-10,main_trial,ok,1,win,0,0
66cc6eb364154a51d4d44eb1,wdoh5wcf,2,51,1,true,2,1,2,up,1231,win,0.642,0.642,0.4238,1,-9,main_trial,ok,1,win,0,0
66cc6eb364154a51d4d44eb1,wdoh5wcf,2,52,2,true,3,2,2,down,1711,win,0.6412,0.6915,0.6412,1,-8,main_trial,ok,0,win,1,0
66cc6eb364154a51d4d44eb1,wdoh5wcf,2,53,3,true,2,1,2,up,944,loss,0.6385,0.6385,0.4113,-1,-9,main_trial,ok,1,win,1,0
66cc6eb364154a51d4d44eb1,wdoh5wcf,2,54,4,true,4,3,3,down,809,win,0.5641,0.3338,0.5641,1,-8,main_trial,ok,1,loss,0,0
66cc6eb364154a51d4d44eb1,wdoh5wcf,2,55,5,true,3,4,4,down,1762,win,0.3838,0.6219,0.3838,1,-7,main_trial,ok,0,win,0,1
66cc6eb364154a51d4d44eb1,wdoh5wcf,2,56,6,true,2,4,2,up,1950,loss,0.6183,0.6183,0.357,-1,-8,main_trial,ok,1,win,0,0
66cc6eb364154a51d4d44eb1,wdoh5wcf,2,57,7,true,4,2,4,up,1001,loss,0.3,0.3,0.5447,-1,-9,main_trial,ok,0,loss,0,1
66cc6eb364154a51d4d44eb1,wdoh5wcf,2,58,8,true,3,1,3,up,929,loss,0.7119,0.7119,0.2969,-1,-10,main_trial,ok,1,loss,0,1
66cc6eb364154a51d4d44eb1,wdoh5wcf,2,59,9,true,2,1,2,up,1100,loss,0.5291,0.5291,0.3045,-1,-11,main_trial,ok,1,loss,0,1
66cc6eb364154a51d4d44eb1,wdoh5wcf,2,60,10,true,1,3,3,down,661,win,0.8123,0.3031,0.8123,1,-10,main_trial,ok,1,loss,0,0
66cc6eb364154a51d4d44eb1,wdoh5wcf,2,61,11,true,2,3,3,down,704,win,0.8068,0.5634,0.8068,1,-9,main_trial,ok,1,win,1,1
66cc6eb364154a51d4d44eb1,wdoh5wcf,2,62,12,true,3,1,3,up,654,win,0.7731,0.7731,0.2946,1,-8,main_trial,ok,1,win,1,0
66cc6eb364154a51d4d44eb1,wdoh5wcf,2,63,13,true,1,2,2,down,1148,win,0.6529,0.2874,0.6529,1,-7,main_trial,ok,1,win,0,0
66cc6eb364154a51d4d44eb1,wdoh5wcf,2,64,14,true,4,1,1,down,2020,win,0.3532,0.2864,0.3532,1,-6,main_trial,ok,1,win,0,1
66cc6eb364154a51d4d44eb1,wdoh5wcf,2,65,15,true,3,4,3,up,826,win,0.8959,0.8959,0.2922,1,-5,main_trial,ok,1,win,0,0
66cc6eb364154a51d4d44eb1,wdoh5wcf,2,66,16,true,3,2,3,up,1238,win,0.8483,0.8483,0.5532,1,-4,main_trial,ok,1,win,1,1
66cc6eb364154a51d4d44eb1,wdoh5wcf,2,67,17,true,4,1,1,down,990,win,0.3159,0.209,0.3159,1,-3,main_trial,ok,1,win,0,0
66cc6eb364154a51d4d44eb1,wdoh5wcf,2,68,18,true,1,3,1,up,739,loss,0.3636,0.3636,0.7144,-1,-4,main_trial,ok,0,win,1,0
66cc6eb364154a51d4d44eb1,wdoh5wcf,2,69,19,true,4,2,2,down,1127,loss,0.6162,0.1782,0.6162,-1,-5,main_trial,ok,1,loss,0,0
66cc6eb364154a51d4d44eb1,wdoh5wcf,2,70,20,true,3,1,3,up,544,loss,0.7807,0.7807,0.3336,-1,-6,main_trial,ok,1,loss,0,0
66cc6eb364154a51d4d44eb1,wdoh5wcf,2,71,21,true,4,3,3,down,853,loss,0.7277,0.2297,0.7277,-1,-7,main_trial,ok,1,loss,1,0
66cc6eb364154a51d4d44eb1,wdoh5wcf,2,72,22,true,4,3,4,up,523,loss,0.2626,0.2626,0.7518,-1,-8,main_trial,ok,0,loss,0,0
66cc6eb364154a51d4d44eb1,wdoh5wcf,2,73,23,true,2,3,2,up,1075,win,0.6191,0.6191,0.6941,1,-7,main_trial,ok,0,loss,0,1
66cc6eb364154a51d4d44eb1,wdoh5wcf,2,74,24,true,3,2,3,up,767,win,0.7385,0.7385,0.5816,1,-6,main_trial,ok,1,win,0,1
66cc6eb364154a51d4d44eb1,wdoh5wcf,2,75,25,true,1,4,4,down,1344,loss,0.2331,0.2511,0.2331,-1,-7,main_trial,ok,0,win,0,0
66cc6eb364154a51d4d44eb1,wdoh5wcf,2,76,26,true,2,1,2,up,868,loss,0.5206,0.5206,0.1887,-1,-8,main_trial,ok,1,loss,0,0
66cc6eb364154a51d4d44eb1,wdoh5wcf,2,77,27,true,1,3,1,up,596,loss,0.1841,0.1841,0.8528,-1,-9,main_trial,ok,0,loss,0,1
66cc6eb364154a51d4d44eb1,wdoh5wcf,2,78,28,true,3,1,3,up,1340,win,0.8762,0.8762,0.1329,1,-8,main_trial,ok,1,loss,0,1
66cc6eb364154a51d4d44eb1,wdoh5wcf,2,79,29,true,3,1,3,up,814,win,0.8359,0.8359,0.16,1,-7,main_trial,ok,1,win,1,1
66cc6eb364154a51d4d44eb1,wdoh5wcf,2,80,30,true,2,1,2,up,3166,loss,0.5503,0.5503,0.1632,-1,-8,main_trial,ok,1,win,0,1
66cc6eb364154a51d4d44eb1,wdoh5wcf,2,81,31,true,2,3,3,down,1105,loss,0.8268,0.6189,0.8268,-1,-9,main_trial,ok,1,loss,0,0
66cc6eb364154a51d4d44eb1,wdoh5wcf,2,82,32,true,3,1,1,down,1373,loss,0.1712,0.798,0.1712,-1,-10,main_trial,ok,0,loss,0,1
66cc6eb364154a51d4d44eb1,wdoh5wcf,2,83,33,true,1,3,1,up,715,loss,0.1813,0.1813,0.8919,-1,-11,main_trial,ok,0,loss,1,0
66cc6eb364154a51d4d44eb1,wdoh5wcf,2,84,34,true,3,4,3,up,784,loss,0.8922,0.8922,0.3963,-1,-12,main_trial,ok,1,loss,0,1
66cc6eb364154a51d4d44eb1,wdoh5wcf,2,85,35,true,2,4,4,down,573,loss,0.458,0.5411,0.458,-1,-13,main_trial,ok,0,loss,0,0
66cc6eb364154a51d4d44eb1,wdoh5wcf,2,86,36,true,2,4,4,down,779,win,0.3868,0.5947,0.3868,1,-12,main_trial,ok,0,loss,1,1
66cc6eb364154a51d4d44eb1,wdoh5wcf,2,87,37,true,3,4,4,down,592,win,0.4292,0.741,0.4292,1,-11,main_trial,ok,0,win,1,1
66cc6eb364154a51d4d44eb1,wdoh5wcf,2,88,38,true,1,3,3,down,1211,loss,0.7692,0.2279,0.7692,-1,-12,main_trial,ok,1,win,0,1
66cc6eb364154a51d4d44eb1,wdoh5wcf,2,89,39,true,4,3,4,up,645,win,0.3893,0.3893,0.8351,1,-11,main_trial,ok,0,loss,0,0
66cc6eb364154a51d4d44eb1,wdoh5wcf,2,90,40,true,4,2,4,up,601,win,0.4731,0.4731,0.3812,1,-10,main_trial,ok,1,win,1,1
66cc6eb364154a51d4d44eb1,wdoh5wcf,2,91,41,true,2,3,2,up,1331,win,0.4011,0.4011,0.8347,1,-9,main_trial,ok,0,win,0,1
66cc6eb364154a51d4d44eb1,wdoh5wcf,2,92,42,true,2,4,2,up,948,loss,0.3807,0.3807,0.3858,-1,-10,main_trial,ok,0,win,1,1
66cc6eb364154a51d4d44eb1,wdoh5wcf,2,93,43,true,1,4,4,down,953,win,0.3977,0.5302,0.3977,1,-9,main_trial,ok,0,loss,0,0
66cc6eb364154a51d4d44eb1,wdoh5wcf,2,94,44,true,1,4,4,down,1053,loss,0.4108,0.5645,0.4108,-1,-10,main_trial,ok,0,win,1,1
66cc6eb364154a51d4d44eb1,wdoh5wcf,2,95,45,true,1,3,1,up,881,win,0.5772,0.5772,0.8934,1,-9,main_trial,ok,0,loss,0,0
66cc6eb364154a51d4d44eb1,wdoh5wcf,2,96,46,true,3,1,1,down,900,loss,0.5013,0.889,0.5013,-1,-10,main_trial,ok,0,win,1,0
66cc6eb364154a51d4d44eb1,wdoh5wcf,2,97,47,true,3,4,3,up,375,win,0.8615,0.8615,0.3849,1,-9,main_trial,ok,1,loss,0,0
66cc6eb364154a51d4d44eb1,wdoh5wcf,2,98,48,true,2,1,1,down,810,win,0.4353,0.2772,0.4353,1,-8,main_trial,ok,1,win,0,0
66cc6eb364154a51d4d44eb1,wdoh5wcf,2,99,49,true,2,4,4,down,1478,loss,0.4146,0.2297,0.4146,-1,-9,main_trial,ok,1,win,0,1
66cc6eb364154a51d4d44eb1,wdoh5wcf,2,100,50,true,1,2,2,down,1018,loss,0.1891,0.4611,0.1891,-1,-10,main_trial,ok,0,loss,0,1
66cc6eb364154a51d4d44eb1,wdoh5wcf,3,101,1,false,3,2,3,up,899,win,0.8875,0.8875,0.2213,1,-9,main_trial,ok,1,loss,0,0
66cc6eb364154a51d4d44eb1,wdoh5wcf,3,102,2,false,3,1,3,up,661,win,0.794,0.794,0.5385,1,-8,main_trial,ok,1,win,1,1
66cc6eb364154a51d4d44eb1,wdoh5wcf,3,103,3,false,4,3,3,down,2372,win,0.7518,0.4579,0.7518,1,-7,main_trial,ok,1,win,1,0
66cc6eb364154a51d4d44eb1,wdoh5wcf,3,104,4,false,4,2,4,up,694,win,0.4887,0.4887,0.4047,1,-6,main_trial,ok,1,win,0,0
66cc6eb364154a51d4d44eb1,wdoh5wcf,3,105,5,false,1,2,2,down,1449,win,0.4323,0.5014,0.4323,1,-5,main_trial,ok,0,win,0,0
66cc6eb364154a51d4d44eb1,wdoh5wcf,3,106,6,false,4,2,4,up,1437,loss,0.4286,0.4286,0.4103,-1,-6,main_trial,ok,1,win,0,0
66cc6eb364154a51d4d44eb1,wdoh5wcf,3,107,7,false,2,1,2,up,804,loss,0.4126,0.4126,0.6168,-1,-7,main_trial,ok,0,loss,0,1
66cc6eb364154a51d4d44eb1,wdoh5wcf,3,108,8,false,2,3,2,up,904,win,0.4068,0.4068,0.6892,1,-6,main_trial,ok,0,loss,1,1
66cc6eb364154a51d4d44eb1,wdoh5wcf,3,109,9,false,2,4,4,down,1038,loss,0.4477,0.4083,0.4477,-1,-7,main_trial,ok,1,win,0,0
66cc6eb364154a51d4d44eb1,wdoh5wcf,3,110,10,false,2,4,2,up,1543,win,0.351,0.351,0.5067,1,-6,main_trial,ok,0,loss,0,0
66cc6eb364154a51d4d44eb1,wdoh5wcf,3,111,11,false,1,4,4,down,1108,win,0.5727,0.3976,0.5727,1,-5,main_trial,ok,1,win,0,0
66cc6eb364154a51d4d44eb1,wdoh5wcf,3,112,12,false,1,4,4,down,893,win,0.5156,0.4103,0.5156,1,-4,main_trial,ok,1,win,1,1
66cc6eb364154a51d4d44eb1,wdoh5wcf,3,113,13,false,1,4,4,down,1299,win,0.5434,0.3873,0.5434,1,-3,main_trial,ok,1,win,1,1
66cc6eb364154a51d4d44eb1,wdoh5wcf,3,114,14,false,4,3,4,up,824,win,0.5423,0.5423,0.6433,1,-2,main_trial,ok,0,win,1,0
66cc6eb364154a51d4d44eb1,wdoh5wcf,3,115,15,false,2,1,2,up,1466,loss,0.517,0.517,0.2965,-1,-3,main_trial,ok,1,win,0,1
66cc6eb364154a51d4d44eb1,wdoh5wcf,3,116,16,false,2,1,1,down,936,loss,0.369,0.5484,0.369,-1,-4,main_trial,ok,0,loss,0,0
66cc6eb364154a51d4d44eb1,wdoh5wcf,3,117,17,false,3,2,3,up,857,win,0.5044,0.5044,0.4644,1,-3,main_trial,ok,1,loss,0,0
66cc6eb364154a51d4d44eb1,wdoh5wcf,3,118,18,false,1,3,3,down,1163,loss,0.529,0.4149,0.529,-1,-4,main_trial,ok,1,win,1,0
66cc6eb364154a51d4d44eb1,wdoh5wcf,3,119,19,false,3,2,3,up,1075,win,0.553,0.553,0.4668,1,-3,main_trial,ok,1,loss,1,0
66cc6eb364154a51d4d44eb1,wdoh5wcf,3,120,20,false,4,2,2,down,773,loss,0.4203,0.5635,0.4203,-1,-4,main_trial,ok,0,win,0,0
66cc6eb364154a51d4d44eb1,wdoh5wcf,3,121,21,false,2,4,4,down,763,win,0.4951,0.4435,0.4951,1,-3,main_trial,ok,1,loss,0,1
66cc6eb364154a51d4d44eb1,wdoh5wcf,3,122,22,false,4,1,4,up,862,loss,0.4587,0.4587,0.5254,-1,-4,main_trial,ok,0,win,1,0
66cc6eb364154a51d4d44eb1,wdoh5wcf,3,123,23,false,3,2,3,up,774,loss,0.5285,0.5285,0.4865,-1,-5,main_trial,ok,1,loss,0,1
66cc6eb364154a51d4d44eb1,wdoh5wcf,3,124,24,false,4,3,4,up,931,loss,0.4332,0.4332,0.4924,-1,-6,main_trial,ok,0,loss,0,1
66cc6eb364154a51d4d44eb1,wdoh5wcf,3,125,25,false,2,3,3,down,649,win,0.5725,0.6126,0.5725,1,-5,main_trial,ok,0,loss,0,0
66cc6eb364154a51d4d44eb1,wdoh5wcf,3,126,26,false,2,4,4,down,836,loss,0.5065,0.7329,0.5065,-1,-6,main_trial,ok,0,win,0,1
66cc6eb364154a51d4d44eb1,wdoh5wcf,3,127,27,false,1,2,2,down,871,win,0.8067,0.6274,0.8067,1,-5,main_trial,ok,1,loss,0,1
66cc6eb364154a51d4d44eb1,wdoh5wcf,3,128,28,false,3,1,3,up,1362,loss,0.6006,0.6006,0.6174,-1,-6,main_trial,ok,0,win,0,0
66cc6eb364154a51d4d44eb1,wdoh5wcf,3,129,29,false,2,4,4,down,1188,win,0.5395,0.7338,0.5395,1,-5,main_trial,ok,0,loss,0,0
66cc6eb364154a51d4d44eb1,wdoh5wcf,3,130,30,false,1,4,4,down,804,win,0.5125,0.7031,0.5125,1,-4,main_trial,ok,0,win,1,1
66cc6eb364154a51d4d44eb1,wdoh5wcf,3,131,31,false,4,2,4,up,773,win,0.5351,0.5351,0.654,1,-3,main_trial,ok,0,win,1,0
66cc6eb364154a51d4d44eb1,wdoh5wcf,3,132,32,false,3,4,4,down,648,win,0.4994,0.5915,0.4994,1,-2,main_trial,ok,0,win,1,0
66cc6eb364154a51d4d44eb1,wdoh5wcf,3,133,33,false,4,1,4,up,679,loss,0.4447,0.4447,0.6755,-1,-3,main_trial,ok,0,win,1,0
66cc6eb364154a51d4d44eb1,wdoh5wcf,3,134,34,false,1,2,2,down,1300,win,0.6056,0.7241,0.6056,1,-2,main_trial,ok,0,loss,0,0
66cc6eb364154a51d4d44eb1,wdoh5wcf,3,135,35,false,1,4,4,down,675,win,0.4318,0.7327,0.4318,1,-1,main_trial,ok,0,win,0,1
66cc6eb364154a51d4d44eb1,wdoh5wcf,3,136,36,false,2,1,1,down,1164,win,0.7121,0.6715,0.7121,1,0,main_trial,ok,1,win,0,1
66cc6eb364154a51d4d44eb1,wdoh5wcf,3,137,37,false,2,1,1,down,1105,win,0.6907,0.6464,0.6907,1,1,main_trial,ok,1,win,1,1
66cc6eb364154a51d4d44eb1,wdoh5wcf,3,138,38,false,4,3,4,up,783,win,0.3959,0.3959,0.4951,1,2,main_trial,ok,0,win,0,0
66cc6eb364154a51d4d44eb1,wdoh5wcf,3,139,39,false,1,3,1,up,1401,win,0.6879,0.6879,0.4849,1,3,main_trial,ok,1,win,0,1
66cc6eb364154a51d4d44eb1,wdoh5wcf,3,140,40,false,3,4,4,down,893,win,0.5173,0.4715,0.5173,1,4,main_trial,ok,1,win,0,0
66cc6eb364154a51d4d44eb1,wdoh5wcf,3,141,41,false,4,1,4,up,1273,loss,0.4931,0.4931,0.7228,-1,3,main_trial,ok,0,win,1,0
66cc6eb364154a51d4d44eb1,wdoh5wcf,3,142,42,false,3,1,1,down,957,win,0.6628,0.3977,0.6628,1,4,main_trial,ok,1,loss,0,0
66cc6eb364154a51d4d44eb1,wdoh5wcf,3,143,43,false,2,3,2,up,1289,win,0.817,0.817,0.4751,1,5,main_trial,ok,1,win,0,0
66cc6eb364154a51d4d44eb1,wdoh5wcf,3,144,44,false,2,4,4,down,1268,loss,0.3293,0.8184,0.3293,-1,4,main_trial,ok,0,win,0,0
66cc6eb364154a51d4d44eb1,wdoh5wcf,3,145,45,false,1,4,1,up,1138,win,0.6353,0.6353,0.3112,1,5,main_trial,ok,1,loss,0,0
66cc6eb364154a51d4d44eb1,wdoh5wcf,3,146,46,false,4,2,4,up,828,loss,0.3789,0.3789,0.7864,-1,4,main_trial,ok,0,win,0,1
66cc6eb364154a51d4d44eb1,wdoh5wcf,3,147,47,false,1,2,1,up,999,win,0.6348,0.6348,0.787,1,5,main_trial,ok,0,loss,0,1
66cc6eb364154a51d4d44eb1,wdoh5wcf,3,148,48,false,3,4,4,down,1143,loss,0.2622,0.4373,0.2622,-1,4,main_trial,ok,0,win,0,0
66cc6eb364154a51d4d44eb1,wdoh5wcf,3,149,49,false,3,4,3,up,869,loss,0.4941,0.4941,0.2493,-1,3,main_trial,ok,1,loss,0,0
66cc6eb364154a51d4d44eb1,wdoh5wcf,3,150,50,false,2,3,2,up,1112,win,0.7415,0.7415,0.4631,1,4,main_trial,ok,1,loss,0,1
66cc6eb364154a51d4d44eb1,wdoh5wcf,4,151,1,true,4,2,4,up,941,loss,0.2945,0.2945,0.6799,-1,3,main_trial,ok,0,win,0,1
66cc6eb364154a51d4d44eb1,wdoh5wcf,4,152,2,true,2,1,1,down,1234,win,0.6668,0.623,0.6668,1,4,main_trial,ok,1,loss,0,0
66cc6eb364154a51d4d44eb1,wdoh5wcf,4,153,3,true,3,2,2,down,1159,win,0.6016,0.3223,0.6016,1,5,main_trial,ok,1,win,0,1
66cc6eb364154a51d4d44eb1,wdoh5wcf,4,154,4,true,4,1,1,down,1312,win,0.5345,0.3968,0.5345,1,6,main_trial,ok,1,win,0,1
66cc6eb364154a51d4d44eb1,wdoh5wcf,4,155,5,true,1,4,1,up,951,win,0.5516,0.5516,0.4044,1,7,main_trial,ok,1,win,1,0
66cc6eb364154a51d4d44eb1,wdoh5wcf,4,156,6,true,1,3,1,up,758,win,0.479,0.479,0.3472,1,8,main_trial,ok,1,win,1,1
66cc6eb364154a51d4d44eb1,wdoh5wcf,4,157,7,true,3,2,2,down,1093,loss,0.5304,0.2313,0.5304,-1,7,main_trial,ok,1,win,0,0
66cc6eb364154a51d4d44eb1,wdoh5wcf,4,158,8,true,2,3,2,up,1172,loss,0.5314,0.5314,0.2215,-1,6,main_trial,ok,1,loss,1,0
66cc6eb364154a51d4d44eb1,wdoh5wcf,4,159,9,true,4,1,1,down,990,win,0.5724,0.1687,0.5724,1,7,main_trial,ok,1,loss,0,0
66cc6eb364154a51d4d44eb1,wdoh5wcf,4,160,10,true,2,3,2,up,1186,loss,0.5061,0.5061,0.2484,-1,6,main_trial,ok,1,win,0,0
66cc6eb364154a51d4d44eb1,wdoh5wcf,4,161,11,true,1,4,1,up,994,win,0.6158,0.6158,0.239,1,7,main_trial,ok,1,loss,0,1
66cc6eb364154a51d4d44eb1,wdoh5wcf,4,162,12,true,4,3,4,up,952,loss,0.1354,0.1354,0.2545,-1,6,main_trial,ok,0,win,0,1
66cc6eb364154a51d4d44eb1,wdoh5wcf,4,163,13,true,1,3,3,down,736,loss,0.2624,0.4443,0.2624,-1,5,main_trial,ok,0,loss,0,0
66cc6eb364154a51d4d44eb1,wdoh5wcf,4,164,14,true,2,3,3,down,1499,loss,0.2656,0.571,0.2656,-1,4,main_trial,ok,0,loss,1,1
66cc6eb364154a51d4d44eb1,wdoh5wcf,4,165,15,true,4,3,4,up,841,loss,0.1159,0.1159,0.243,-1,3,main_trial,ok,0,loss,0,0
66cc6eb364154a51d4d44eb1,wdoh5wcf,4,166,16,true,4,3,3,down,1272,win,0.2174,0.131,0.2174,1,4,main_trial,ok,1,loss,0,0
66cc6eb364154a51d4d44eb1,wdoh5wcf,4,167,17,true,2,4,2,up,1326,win,0.5325,0.5325,0.1309,1,5,main_trial,ok,1,win,0,0
66cc6eb364154a51d4d44eb1,wdoh5wcf,4,168,18,true,3,2,3,up,741,loss,0.1938,0.1938,0.5952,-1,4,main_trial,ok,0,win,0,1
66cc6eb364154a51d4d44eb1,wdoh5wcf,4,169,19,true,4,2,2,down,1013,win,0.6537,0.1218,0.6537,1,5,main_trial,ok,1,loss,0,0
66cc6eb364154a51d4d44eb1,wdoh5wcf,4,170,20,true,3,2,3,up,1561,loss,0.1992,0.1992,0.6055,-1,4,main_trial,ok,0,win,0,0
66cc6eb364154a51d4d44eb1,wdoh5wcf,4,171,21,true,2,1,1,down,2279,win,0.5545,0.5589,0.5545,1,5,main_trial,ok,0,loss,0,0
66cc6eb364154a51d4d44eb1,wdoh5wcf,4,172,22,true,1,2,1,up,2606,win,0.5492,0.5492,0.4788,1,6,main_trial,ok,1,win,1,0
66cc6eb364154a51d4d44eb1,wdoh5wcf,4,173,23,true,2,3,3,down,1721,loss,0.2845,0.4935,0.2845,-1,5,main_trial,ok,0,win,0,0
66cc6eb364154a51d4d44eb1,wdoh5wcf,4,174,24,true,4,2,2,down,1149,loss,0.5296,0.3109,0.5296,-1,4,main_trial,ok,1,loss,0,1
66cc6eb364154a51d4d44eb1,wdoh5wcf,4,175,25,true,4,2,2,down,2365,loss,0.4932,0.2867,0.4932,-1,3,main_trial,ok,1,loss,1,1
66cc6eb364154a51d4d44eb1,wdoh5wcf,4,176,26,true,3,1,1,down,840,loss,0.674,0.383,0.674,-1,2,main_trial,ok,1,loss,0,1
66cc6eb364154a51d4d44eb1,wdoh5wcf,4,177,27,true,3,2,3,up,562,loss,0.3615,0.3615,0.4361,-1,1,main_trial,ok,0,loss,0,0
66cc6eb364154a51d4d44eb1,wdoh5wcf,4,178,28,true,2,1,1,down,751,win,0.4905,0.444,0.4905,1,2,main_trial,ok,1,loss,0,0
66cc6eb364154a51d4d44eb1,wdoh5wcf,4,179,29,true,1,3,1,up,875,win,0.4965,0.4965,0.4299,1,3,main_trial,ok,1,win,1,0
66cc6eb364154a51d4d44eb1,wdoh5wcf,4,180,30,true,3,2,3,up,1160,loss,0.4504,0.4504,0.4068,-1,2,main_trial,ok,1,win,0,1
66cc6eb364154a51d4d44eb1,wdoh5wcf,4,181,31,true,3,4,3,up,1088,win,0.4407,0.4407,0.2441,1,3,main_trial,ok,1,loss,1,1
66cc6eb364154a51d4d44eb1,wdoh5wcf,4,182,32,true,2,3,2,up,1205,win,0.5614,0.5614,0.4297,1,4,main_trial,ok,1,win,0,1
66cc6eb364154a51d4d44eb1,wdoh5wcf,4,183,33,true,1,2,1,up,1675,loss,0.572,0.572,0.5737,-1,3,main_trial,ok,0,win,0,1
66cc6eb364154a51d4d44eb1,wdoh5wcf,4,184,34,true,1,3,1,up,1321,loss,0.6202,0.6202,0.3548,-1,2,main_trial,ok,1,loss,1,1
66cc6eb364154a51d4d44eb1,wdoh5wcf,4,185,35,true,3,2,3,up,949,loss,0.4115,0.4115,0.5853,-1,1,main_trial,ok,0,loss,0,1
66cc6eb364154a51d4d44eb1,wdoh5wcf,4,186,36,true,4,2,2,down,1439,win,0.5934,0.2496,0.5934,1,2,main_trial,ok,1,loss,0,0
66cc6eb364154a51d4d44eb1,wdoh5wcf,4,187,37,true,4,2,2,down,1316,loss,0.6405,0.2655,0.6405,-1,1,main_trial,ok,1,win,1,1
66cc6eb364154a51d4d44eb1,wdoh5wcf,4,188,38,true,2,1,1,down,675,win,0.8189,0.6004,0.8189,1,2,main_trial,ok,1,loss,0,1
66cc6eb364154a51d4d44eb1,wdoh5wcf,4,189,39,true,1,3,3,down,1403,win,0.3892,0.8292,0.3892,1,3,main_trial,ok,0,win,0,1
66cc6eb364154a51d4d44eb1,wdoh5wcf,4,190,40,true,3,2,2,down,1245,loss,0.5034,0.4802,0.5034,-1,2,main_trial,ok,1,win,0,1
66cc6eb364154a51d4d44eb1,wdoh5wcf,4,191,41,true,2,1,2,up,1064,win,0.4865,0.4865,0.8971,1,3,main_trial,ok,0,loss,1,0
66cc6eb364154a51d4d44eb1,wdoh5wcf,4,192,42,true,3,2,3,up,1216,loss,0.5055,0.5055,0.6151,-1,2,main_trial,ok,0,win,0,1
66cc6eb364154a51d4d44eb1,wdoh5wcf,4,193,43,true,3,4,3,up,979,win,0.5236,0.5236,0.1634,1,3,main_trial,ok,1,loss,1,1
66cc6eb364154a51d4d44eb1,wdoh5wcf,4,194,44,true,1,3,3,down,1335,loss,0.5283,0.8724,0.5283,-1,2,main_trial,ok,0,win,1,0
66cc6eb364154a51d4d44eb1,wdoh5wcf,4,195,45,true,4,3,3,down,904,win,0.5796,0.1715,0.5796,1,3,main_trial,ok,1,loss,1,1
66cc6eb364154a51d4d44eb1,wdoh5wcf,4,196,46,true,4,1,4,up,1865,loss,0.1576,0.1576,0.7908,-1,2,main_trial,ok,0,win,0,0
66cc6eb364154a51d4d44eb1,wdoh5wcf,4,197,47,true,2,1,2,up,1148,win,0.7327,0.7327,0.8124,1,3,main_trial,ok,0,loss,0,1
66cc6eb364154a51d4d44eb1,wdoh5wcf,4,198,48,true,1,2,2,down,1393,win,0.6448,0.8255,0.6448,1,4,main_trial,ok,0,win,1,0
66cc6eb364154a51d4d44eb1,wdoh5wcf,4,199,49,true,4,2,4,up,1759,loss,0.2513,0.2513,0.5898,-1,3,main_trial,ok,0,win,0,0
66cc6eb364154a51d4d44eb1,wdoh5wcf,4,200,50,true,3,4,3,up,1001,win,0.4979,0.4979,0.2295,1,4,main_trial,ok,1,loss,0,1
NA,yerl9g4z,1,1,1,false,4,1,1,down,1347,loss,0.3375,0.6013,0.3375,-1,-1,main_trial,ok,0,NA,NA,NA
NA,yerl9g4z,1,2,2,false,2,1,2,up,911,win,0.4881,0.4881,0.3101,1,0,main_trial,ok,1,loss,0,0
NA,yerl9g4z,1,3,3,false,3,4,3,up,696,loss,0.3853,0.3853,0.6015,-1,-1,main_trial,ok,0,win,0,1
NA,yerl9g4z,1,4,4,false,4,1,4,up,1533,win,0.6634,0.6634,0.1854,1,0,main_trial,ok,1,loss,0,1
NA,yerl9g4z,1,5,5,false,1,3,3,down,2969,win,0.4657,0.1767,0.4657,1,1,main_trial,ok,1,win,0,0
NA,yerl9g4z,1,6,6,false,2,3,2,up,885,loss,0.4774,0.4774,0.5253,-1,0,main_trial,ok,0,win,0,0
NA,yerl9g4z,1,7,7,false,1,2,2,down,1070,loss,0.4164,0.1933,0.4164,-1,-1,main_trial,ok,1,loss,1,0
NA,yerl9g4z,1,8,8,false,4,3,3,down,1289,win,0.5969,0.7857,0.5969,1,0,main_trial,ok,0,loss,0,1
NA,yerl9g4z,1,9,9,false,3,2,3,up,1051,loss,0.5908,0.5908,0.4922,-1,-1,main_trial,ok,1,win,1,0
NA,yerl9g4z,1,10,10,false,4,2,2,down,1875,win,0.4542,0.8408,0.4542,1,0,main_trial,ok,0,loss,0,0
NA,yerl9g4z,1,11,11,false,4,2,2,down,765,win,0.4526,0.8159,0.4526,1,1,main_trial,ok,0,win,1,1
NA,yerl9g4z,1,12,12,false,4,3,3,down,2642,win,0.6529,0.8522,0.6529,1,2,main_trial,ok,0,win,0,1
NA,yerl9g4z,1,13,13,false,4,2,2,down,782,win,0.6156,0.8888,0.6156,1,3,main_trial,ok,0,win,0,1
NA,yerl9g4z,1,14,14,false,3,4,3,up,630,win,0.7193,0.7193,0.8176,1,4,main_trial,ok,0,win,0,0
NA,yerl9g4z,1,15,15,false,3,2,3,up,1157,win,0.6837,0.6837,0.5471,1,5,main_trial,ok,1,win,1,1
NA,yerl9g4z,1,16,16,false,2,3,3,down,1300,win,0.7066,0.6046,0.7066,1,6,main_trial,ok,1,win,1,0
NA,yerl9g4z,1,17,17,false,3,4,3,up,638,win,0.6762,0.6762,0.7089,1,7,main_trial,ok,0,win,1,0
NA,yerl9g4z,1,18,18,false,4,3,3,down,760,win,0.7663,0.7014,0.7663,1,8,main_trial,ok,1,win,1,0
NA,yerl9g4z,1,19,19,false,4,1,4,up,1170,win,0.7747,0.7747,0.1082,1,9,main_trial,ok,1,win,0,0
NA,yerl9g4z,1,20,20,false,3,4,3,up,596,win,0.6766,0.6766,0.6796,1,10,main_trial,ok,0,win,0,1
NA,yerl9g4z,1,21,21,false,4,3,3,down,872,loss,0.5482,0.7106,0.5482,-1,9,main_trial,ok,0,win,1,0
NA,yerl9g4z,1,22,22,false,4,3,3,down,1217,loss,0.5697,0.7462,0.5697,-1,8,main_trial,ok,0,loss,1,1
NA,yerl9g4z,1,23,23,false,2,3,2,up,2196,win,0.6025,0.6025,0.5188,1,9,main_trial,ok,1,loss,0,0
NA,yerl9g4z,1,24,24,false,4,2,2,down,913,win,0.5696,0.7921,0.5696,1,10,main_trial,ok,0,win,1,0
NA,yerl9g4z,1,25,25,false,3,1,1,down,1391,loss,0.1748,0.5107,0.1748,-1,9,main_trial,ok,0,win,0,1
NA,yerl9g4z,1,26,26,false,4,1,4,up,1850,win,0.7903,0.7903,0.1225,1,10,main_trial,ok,1,loss,0,0
NA,yerl9g4z,1,27,27,false,1,2,2,down,1731,win,0.5587,0.1581,0.5587,1,11,main_trial,ok,1,win,0,0
NA,yerl9g4z,1,28,28,false,1,4,4,down,971,win,0.8294,0.155,0.8294,1,12,main_trial,ok,1,win,0,1
NA,yerl9g4z,1,29,29,false,3,4,4,down,856,win,0.7773,0.5721,0.7773,1,13,main_trial,ok,1,win,1,1
NA,yerl9g4z,1,30,30,false,3,1,1,down,1560,loss,0.2067,0.5714,0.2067,-1,12,main_trial,ok,0,win,0,1
NA,yerl9g4z,1,31,31,false,3,4,3,up,616,win,0.5805,0.5805,0.7034,1,13,main_trial,ok,0,loss,0,0
NA,yerl9g4z,1,32,32,false,3,2,3,up,604,loss,0.5642,0.5642,0.6757,-1,12,main_trial,ok,0,win,1,1
NA,yerl9g4z,1,33,33,false,3,4,4,down,696,loss,0.6119,0.5384,0.6119,-1,11,main_trial,ok,1,loss,0,0
NA,yerl9g4z,1,34,34,false,2,1,2,up,988,win,0.6221,0.6221,0.2879,1,12,main_trial,ok,1,loss,0,0
NA,yerl9g4z,1,35,35,false,3,2,2,down,1015,win,0.6596,0.5393,0.6596,1,13,main_trial,ok,1,win,1,0
NA,yerl9g4z,1,36,36,false,3,4,3,up,649,loss,0.5063,0.5063,0.5307,-1,12,main_trial,ok,0,win,0,0
NA,yerl9g4z,1,37,37,false,2,4,2,up,591,loss,0.7207,0.7207,0.4975,-1,11,main_trial,ok,1,loss,0,1
NA,yerl9g4z,1,38,38,false,3,2,3,up,701,loss,0.6288,0.6288,0.7065,-1,10,main_trial,ok,0,loss,0,1
NA,yerl9g4z,1,39,39,false,2,3,3,down,1012,win,0.7137,0.6685,0.7137,1,11,main_trial,ok,1,loss,1,0
NA,yerl9g4z,1,40,40,false,4,2,2,down,674,win,0.6941,0.5327,0.6941,1,12,main_trial,ok,1,win,0,1
NA,yerl9g4z,1,41,41,false,3,1,3,up,759,win,0.6989,0.6989,0.2942,1,13,main_trial,ok,1,win,0,0
NA,yerl9g4z,1,42,42,false,1,4,4,down,1098,win,0.5581,0.2964,0.5581,1,14,main_trial,ok,1,win,0,0
NA,yerl9g4z,1,43,43,false,2,1,2,up,628,win,0.5354,0.5354,0.3055,1,15,main_trial,ok,1,win,0,0
NA,yerl9g4z,1,44,44,false,1,4,4,down,1436,loss,0.617,0.2976,0.617,-1,14,main_trial,ok,1,win,0,0
NA,yerl9g4z,1,45,45,false,3,2,3,up,575,win,0.7,0.7,0.4741,1,15,main_trial,ok,1,loss,0,0
NA,yerl9g4z,1,46,46,false,1,4,4,down,2342,loss,0.6395,0.2038,0.6395,-1,14,main_trial,ok,1,win,0,0
NA,yerl9g4z,1,47,47,false,3,4,3,up,628,win,0.7159,0.7159,0.6044,1,15,main_trial,ok,1,loss,0,0
NA,yerl9g4z,1,48,48,false,2,1,2,up,860,win,0.3423,0.3423,0.232,1,16,main_trial,ok,1,win,0,1
NA,yerl9g4z,1,49,49,false,1,2,2,down,846,win,0.3715,0.3739,0.3715,1,17,main_trial,ok,0,win,1,0
NA,yerl9g4z,1,50,50,false,1,2,2,down,949,loss,0.4017,0.3961,0.4017,-1,16,main_trial,ok,1,win,1,1
NA,yerl9g4z,2,51,1,true,3,4,3,up,833,win,0.6195,0.6195,0.4053,1,17,main_trial,ok,1,loss,0,0
NA,yerl9g4z,2,52,2,true,4,1,1,down,1365,loss,0.3994,0.4158,0.3994,-1,16,main_trial,ok,0,win,0,0
NA,yerl9g4z,2,53,3,true,1,2,2,down,1023,loss,0.3494,0.392,0.3494,-1,15,main_trial,ok,0,loss,0,1
NA,yerl9g4z,2,54,4,true,3,4,3,up,597,win,0.621,0.621,0.3667,1,16,main_trial,ok,1,loss,0,0
NA,yerl9g4z,2,55,5,true,2,3,3,down,1777,loss,0.6063,0.3564,0.6063,-1,15,main_trial,ok,1,win,1,0
NA,yerl9g4z,2,56,6,true,3,1,3,up,857,loss,0.6363,0.6363,0.3844,-1,14,main_trial,ok,1,loss,1,0
NA,yerl9g4z,2,57,7,true,3,2,2,down,756,loss,0.3766,0.6594,0.3766,-1,13,main_trial,ok,0,loss,0,0
NA,yerl9g4z,2,58,8,true,1,3,3,down,946,win,0.6539,0.5108,0.6539,1,14,main_trial,ok,1,loss,0,1
NA,yerl9g4z,2,59,9,true,1,3,3,down,622,loss,0.6053,0.4921,0.6053,-1,13,main_trial,ok,1,win,1,1
NA,yerl9g4z,2,60,10,true,2,4,2,up,625,loss,0.4881,0.4881,0.1392,-1,12,main_trial,ok,1,loss,0,0
NA,yerl9g4z,2,61,11,true,4,1,4,up,761,loss,0.1888,0.1888,0.4484,-1,11,main_trial,ok,0,loss,0,1
NA,yerl9g4z,2,62,12,true,1,2,1,up,672,loss,0.5746,0.5746,0.3166,-1,10,main_trial,ok,1,loss,0,1
NA,yerl9g4z,2,63,13,true,2,3,3,down,532,loss,0.5097,0.3749,0.5097,-1,9,main_trial,ok,1,loss,0,0
NA,yerl9g4z,2,64,14,true,2,3,3,down,480,win,0.5974,0.3913,0.5974,1,10,main_trial,ok,1,loss,1,1
NA,yerl9g4z,2,65,15,true,3,1,3,up,618,loss,0.5541,0.5541,0.61,-1,9,main_trial,ok,0,win,1,0
NA,yerl9g4z,2,66,16,true,4,1,1,down,691,win,0.6103,0.2433,0.6103,1,10,main_trial,ok,1,loss,0,0
NA,yerl9g4z,2,67,17,true,3,1,1,down,494,win,0.5991,0.5751,0.5991,1,11,main_trial,ok,1,win,1,1
NA,yerl9g4z,2,68,18,true,3,4,4,down,1238,win,0.3094,0.5767,0.3094,1,12,main_trial,ok,0,win,0,1
NA,yerl9g4z,2,69,19,true,3,1,1,down,634,win,0.6363,0.5293,0.6363,1,13,main_trial,ok,1,win,0,1
NA,yerl9g4z,2,70,20,true,1,3,1,up,1071,win,0.6179,0.6179,0.5419,1,14,main_trial,ok,1,win,1,0
NA,yerl9g4z,2,71,21,true,4,2,4,up,1297,loss,0.2833,0.2833,0.5723,-1,13,main_trial,ok,0,win,0,1
NA,yerl9g4z,2,72,22,true,4,3,3,down,3722,loss,0.5921,0.1714,0.5921,-1,12,main_trial,ok,1,loss,0,0
NA,yerl9g4z,2,73,23,true,2,3,2,up,656,win,0.6595,0.6595,0.513,1,13,main_trial,ok,1,loss,0,0
NA,yerl9g4z,2,74,24,true,4,3,3,down,1368,loss,0.5067,0.183,0.5067,-1,12,main_trial,ok,1,win,0,0
NA,yerl9g4z,2,75,25,true,1,4,1,up,775,loss,0.7379,0.7379,0.151,-1,11,main_trial,ok,1,loss,0,0
NA,yerl9g4z,2,76,26,true,4,3,4,up,1114,loss,0.1619,0.1619,0.4498,-1,10,main_trial,ok,0,loss,0,1
NA,yerl9g4z,2,77,27,true,1,2,2,down,632,win,0.6448,0.6946,0.6448,1,11,main_trial,ok,0,loss,0,0
NA,yerl9g4z,2,78,28,true,3,4,4,down,1010,loss,0.1501,0.4725,0.1501,-1,10,main_trial,ok,0,win,0,1
NA,yerl9g4z,2,79,29,true,3,2,3,up,405,loss,0.444,0.444,0.7748,-1,9,main_trial,ok,0,loss,0,0
NA,yerl9g4z,2,80,30,true,2,1,1,down,1936,loss,0.6112,0.8238,0.6112,-1,8,main_trial,ok,0,loss,0,0
NA,yerl9g4z,2,81,31,true,3,2,3,up,656,loss,0.4321,0.4321,0.8397,-1,7,main_trial,ok,0,loss,0,0
NA,yerl9g4z,2,82,32,true,2,1,2,up,509,win,0.808,0.808,0.6829,1,8,main_trial,ok,1,loss,0,1
NA,yerl9g4z,2,83,33,true,3,4,3,up,688,loss,0.3894,0.3894,0.175,-1,7,main_trial,ok,1,win,0,1
NA,yerl9g4z,2,84,34,true,4,2,2,down,614,win,0.8754,0.1236,0.8754,1,8,main_trial,ok,1,loss,0,0
NA,yerl9g4z,2,85,35,true,3,1,1,down,600,win,0.6644,0.4737,0.6644,1,9,main_trial,ok,1,win,0,1
NA,yerl9g4z,2,86,36,true,2,3,2,up,1699,win,0.8357,0.8357,0.5015,1,10,main_trial,ok,1,win,0,0
NA,yerl9g4z,2,87,37,true,4,1,1,down,482,loss,0.5388,0.1062,0.5388,-1,9,main_trial,ok,1,win,0,0
NA,yerl9g4z,2,88,38,true,2,1,2,up,421,win,0.7413,0.7413,0.6113,1,10,main_trial,ok,1,loss,0,0
NA,yerl9g4z,2,89,39,true,4,1,4,up,1003,loss,0.1107,0.1107,0.5426,-1,9,main_trial,ok,0,win,0,1
NA,yerl9g4z,2,90,40,true,2,4,2,up,556,win,0.7966,0.7966,0.1519,1,10,main_trial,ok,1,loss,0,1
NA,yerl9g4z,2,91,41,true,1,3,1,up,796,win,0.6029,0.6029,0.4246,1,11,main_trial,ok,1,win,0,1
NA,yerl9g4z,2,92,42,true,2,1,2,up,543,win,0.8851,0.8851,0.4961,1,12,main_trial,ok,1,win,0,1
NA,yerl9g4z,2,93,43,true,3,2,2,down,3114,win,0.8971,0.3885,0.8971,1,13,main_trial,ok,1,win,1,0
NA,yerl9g4z,2,94,44,true,2,3,2,up,521,win,0.834,0.834,0.435,1,14,main_trial,ok,1,win,1,0
NA,yerl9g4z,2,95,45,true,1,4,1,up,766,win,0.6653,0.6653,0.1096,1,15,main_trial,ok,1,win,0,1
NA,yerl9g4z,2,96,46,true,4,2,2,down,718,win,0.7538,0.1155,0.7538,1,16,main_trial,ok,1,win,0,0
NA,yerl9g4z,2,97,47,true,3,4,4,down,1318,loss,0.1337,0.4845,0.1337,-1,15,main_trial,ok,0,win,0,1
NA,yerl9g4z,2,98,48,true,1,3,1,up,945,win,0.6112,0.6112,0.4601,1,16,main_trial,ok,1,loss,0,0
NA,yerl9g4z,2,99,49,true,2,4,2,up,554,win,0.8555,0.8555,0.2194,1,17,main_trial,ok,1,win,0,1
NA,yerl9g4z,2,100,50,true,2,4,2,up,521,win,0.8832,0.8832,0.2366,1,18,main_trial,ok,1,win,1,1
NA,yerl9g4z,3,101,1,false,4,3,3,down,750,win,0.661,0.1719,0.661,1,19,main_trial,ok,1,win,0,0
NA,yerl9g4z,3,102,2,false,2,1,2,up,928,win,0.8399,0.8399,0.7694,1,20,main_trial,ok,1,win,0,0
NA,yerl9g4z,3,103,3,false,2,3,3,down,837,win,0.6935,0.8007,0.6935,1,21,main_trial,ok,0,win,0,0
NA,yerl9g4z,3,104,4,false,1,4,1,up,1397,win,0.7476,0.7476,0.2264,1,22,main_trial,ok,1,win,0,0
NA,yerl9g4z,3,105,5,false,3,2,3,up,790,loss,0.7598,0.7598,0.8678,-1,21,main_trial,ok,0,win,0,1
NA,yerl9g4z,3,106,6,false,1,4,1,up,954,loss,0.7334,0.7334,0.28,-1,20,main_trial,ok,1,loss,0,1
NA,yerl9g4z,3,107,7,false,3,4,3,up,942,win,0.7616,0.7616,0.24,1,21,main_trial,ok,1,loss,0,1
NA,yerl9g4z,3,108,8,false,1,2,2,down,1667,win,0.8631,0.7343,0.8631,1,22,main_trial,ok,1,win,0,0
NA,yerl9g4z,3,109,9,false,3,2,3,up,587,win,0.804,0.804,0.7946,1,23,main_trial,ok,1,win,0,0
NA,yerl9g4z,3,110,10,false,1,4,1,up,1092,loss,0.6498,0.6498,0.2051,-1,22,main_trial,ok,1,win,0,1
NA,yerl9g4z,3,111,11,false,3,1,3,up,937,win,0.6409,0.6409,0.6355,1,23,main_trial,ok,1,loss,0,1
NA,yerl9g4z,3,112,12,false,3,1,3,up,553,win,0.7031,0.7031,0.5848,1,24,main_trial,ok,1,win,1,1
NA,yerl9g4z,3,113,13,false,2,3,3,down,1960,win,0.652,0.6589,0.652,1,25,main_trial,ok,0,win,1,0
NA,yerl9g4z,3,114,14,false,1,4,1,up,761,loss,0.6178,0.6178,0.1222,-1,24,main_trial,ok,1,win,0,0
NA,yerl9g4z,3,115,15,false,4,3,3,down,820,win,0.547,0.146,0.547,1,25,main_trial,ok,1,loss,0,0
NA,yerl9g4z,3,116,16,false,1,3,3,down,863,win,0.555,0.6054,0.555,1,26,main_trial,ok,0,win,1,1
NA,yerl9g4z,3,117,17,false,1,4,1,up,773,loss,0.5684,0.5684,0.1372,-1,25,main_trial,ok,1,win,0,0
NA,yerl9g4z,3,118,18,false,2,4,2,up,785,loss,0.647,0.647,0.2564,-1,24,main_trial,ok,1,loss,0,1
NA,yerl9g4z,3,119,19,false,4,3,4,up,722,loss,0.2574,0.2574,0.5371,-1,23,main_trial,ok,0,loss,0,1
NA,yerl9g4z,3,120,20,false,4,2,2,down,869,win,0.6733,0.2145,0.6733,1,24,main_trial,ok,1,loss,0,0
NA,yerl9g4z,3,121,21,false,3,1,3,up,421,win,0.5264,0.5264,0.6053,1,25,main_trial,ok,0,win,0,0
NA,yerl9g4z,3,122,22,false,4,2,2,down,738,win,0.7235,0.2811,0.7235,1,26,main_trial,ok,1,win,0,0
NA,yerl9g4z,3,123,23,false,3,1,3,up,436,loss,0.4914,0.4914,0.5239,-1,25,main_trial,ok,0,win,0,0
NA,yerl9g4z,3,124,24,false,3,1,3,up,446,win,0.4707,0.4707,0.6344,1,26,main_trial,ok,0,loss,1,1
NA,yerl9g4z,3,125,25,false,3,2,3,up,1199,loss,0.5588,0.5588,0.7576,-1,25,main_trial,ok,0,win,1,1
NA,yerl9g4z,3,126,26,false,2,4,2,up,563,loss,0.7895,0.7895,0.1014,-1,24,main_trial,ok,1,loss,0,1
NA,yerl9g4z,3,127,27,false,4,1,4,up,1318,loss,0.1106,0.1106,0.6163,-1,23,main_trial,ok,0,loss,0,1
NA,yerl9g4z,3,128,28,false,4,3,3,down,684,loss,0.5118,0.1568,0.5118,-1,22,main_trial,ok,1,loss,0,0
NA,yerl9g4z,3,129,29,false,2,4,2,up,443,win,0.8531,0.8531,0.1591,1,23,main_trial,ok,1,loss,0,0
NA,yerl9g4z,3,130,30,false,3,1,3,up,548,win,0.566,0.566,0.6841,1,24,main_trial,ok,0,win,0,1
NA,yerl9g4z,3,131,31,false,4,1,1,down,3187,win,0.6248,0.2809,0.6248,1,25,main_trial,ok,1,win,0,0
NA,yerl9g4z,3,132,32,false,2,1,2,up,808,win,0.8984,0.8984,0.6515,1,26,main_trial,ok,1,win,0,0
NA,yerl9g4z,3,133,33,false,3,2,3,up,566,loss,0.4213,0.4213,0.8894,-1,25,main_trial,ok,0,win,0,1
NA,yerl9g4z,3,134,34,false,3,2,3,up,1889,win,0.4778,0.4778,0.8535,1,26,main_trial,ok,0,loss,1,1
NA,yerl9g4z,3,135,35,false,3,4,3,up,574,loss,0.4445,0.4445,0.3203,-1,25,main_trial,ok,1,win,1,1
NA,yerl9g4z,3,136,36,false,2,1,2,up,658,win,0.8982,0.8982,0.697,1,26,main_trial,ok,1,loss,0,1
NA,yerl9g4z,3,137,37,false,4,2,2,down,970,win,0.8909,0.3022,0.8909,1,27,main_trial,ok,1,win,1,0
NA,yerl9g4z,3,138,38,false,1,2,2,down,891,loss,0.8936,0.5726,0.8936,-1,26,main_trial,ok,1,win,1,1
NA,yerl9g4z,3,139,39,false,2,3,3,down,674,win,0.5372,0.8932,0.5372,1,27,main_trial,ok,0,loss,0,1
NA,yerl9g4z,3,140,40,false,3,1,3,up,703,loss,0.5413,0.5413,0.5338,-1,26,main_trial,ok,1,win,1,0
NA,yerl9g4z,3,141,41,false,1,4,1,up,3160,loss,0.4601,0.4601,0.2684,-1,25,main_trial,ok,1,loss,0,1
NA,yerl9g4z,3,142,42,false,1,4,4,down,631,win,0.2606,0.4488,0.2606,1,26,main_trial,ok,0,loss,0,0
NA,yerl9g4z,3,143,43,false,3,1,3,up,1007,loss,0.5679,0.5679,0.4504,-1,25,main_trial,ok,1,win,0,0
NA,yerl9g4z,3,144,44,false,2,4,2,up,1239,loss,0.7782,0.7782,0.2702,-1,24,main_trial,ok,1,loss,0,1
NA,yerl9g4z,3,145,45,false,2,3,3,down,1087,win,0.537,0.8116,0.537,1,25,main_trial,ok,0,loss,0,0
NA,yerl9g4z,3,146,46,false,2,4,2,up,625,win,0.819,0.819,0.2189,1,26,main_trial,ok,1,win,0,0
NA,yerl9g4z,3,147,47,false,2,3,3,down,1048,loss,0.5112,0.8746,0.5112,-1,25,main_trial,ok,0,win,0,0
NA,yerl9g4z,3,148,48,false,2,3,2,up,450,win,0.8706,0.8706,0.5087,1,26,main_trial,ok,1,loss,0,0
NA,yerl9g4z,3,149,49,false,4,3,3,down,749,loss,0.4761,0.1442,0.4761,-1,25,main_trial,ok,1,win,0,0
NA,yerl9g4z,3,150,50,false,3,4,3,up,1178,win,0.5485,0.5485,0.1038,1,26,main_trial,ok,1,loss,1,0
NA,yerl9g4z,4,151,1,true,3,4,3,up,807,loss,0.5922,0.5922,0.1014,-1,25,main_trial,ok,1,win,1,1
NA,yerl9g4z,4,152,2,true,2,3,2,up,823,loss,0.7356,0.7356,0.5903,-1,24,main_trial,ok,1,loss,0,1
NA,yerl9g4z,4,153,3,true,4,3,3,down,665,win,0.6156,0.2188,0.6156,1,25,main_trial,ok,1,loss,0,0
NA,yerl9g4z,4,154,4,true,4,2,2,down,574,win,0.7168,0.237,0.7168,1,26,main_trial,ok,1,win,0,1
NA,yerl9g4z,4,155,5,true,1,2,2,down,1084,win,0.7619,0.6458,0.7619,1,27,main_trial,ok,1,win,1,1
NA,yerl9g4z,4,156,6,true,4,1,4,up,1484,win,0.3267,0.3267,0.596,1,28,main_trial,ok,0,win,0,0
NA,yerl9g4z,4,157,7,true,1,4,4,down,924,loss,0.3491,0.5253,0.3491,-1,27,main_trial,ok,0,win,1,0
NA,yerl9g4z,4,158,8,true,2,4,2,up,635,win,0.797,0.797,0.3758,1,28,main_trial,ok,1,loss,0,0
NA,yerl9g4z,4,159,9,true,1,2,2,down,1200,win,0.7007,0.4071,0.7007,1,29,main_trial,ok,1,win,1,0
NA,yerl9g4z,4,160,10,true,1,2,2,down,965,loss,0.6162,0.4408,0.6162,-1,28,main_trial,ok,1,win,1,1
NA,yerl9g4z,4,161,11,true,4,3,3,down,725,win,0.516,0.4413,0.516,1,29,main_trial,ok,1,loss,0,1
NA,yerl9g4z,4,162,12,true,2,3,3,down,1132,win,0.4933,0.5139,0.4933,1,30,main_trial,ok,0,win,1,1
NA,yerl9g4z,4,163,13,true,3,1,3,up,660,win,0.447,0.447,0.4128,1,31,main_trial,ok,1,win,1,0
NA,yerl9g4z,4,164,14,true,1,3,3,down,1679,loss,0.4725,0.3772,0.4725,-1,30,main_trial,ok,1,win,1,0
NA,yerl9g4z,4,165,15,true,4,2,2,down,1291,win,0.42,0.4471,0.42,1,31,main_trial,ok,0,loss,0,1
NA,yerl9g4z,4,166,16,true,3,2,3,up,822,win,0.5866,0.5866,0.3812,1,32,main_trial,ok,1,win,0,0
NA,yerl9g4z,4,167,17,true,1,3,3,down,867,loss,0.5288,0.3084,0.5288,-1,31,main_trial,ok,1,win,1,0
NA,yerl9g4z,4,168,18,true,3,4,3,up,485,loss,0.5307,0.5307,0.5193,-1,30,main_trial,ok,1,loss,1,0
NA,yerl9g4z,4,169,19,true,3,2,3,up,1036,win,0.552,0.552,0.1374,1,31,main_trial,ok,1,loss,1,1
NA,yerl9g4z,4,170,20,true,4,3,3,down,739,loss,0.5465,0.6522,0.5465,-1,30,main_trial,ok,0,win,1,0
NA,yerl9g4z,4,171,21,true,1,3,1,up,1286,loss,0.3517,0.3517,0.5861,-1,29,main_trial,ok,0,loss,0,0
NA,yerl9g4z,4,172,22,true,4,2,2,down,587,loss,0.1933,0.733,0.1933,-1,28,main_trial,ok,0,loss,0,0
NA,yerl9g4z,4,173,23,true,3,1,3,up,562,win,0.6578,0.6578,0.4256,1,29,main_trial,ok,1,loss,0,0
NA,yerl9g4z,4,174,24,true,4,1,4,up,1340,win,0.7828,0.7828,0.4733,1,30,main_trial,ok,1,win,0,1
NA,yerl9g4z,4,175,25,true,3,4,3,up,451,win,0.6111,0.6111,0.7525,1,31,main_trial,ok,0,win,0,1
NA,yerl9g4z,4,176,26,true,4,2,4,up,1936,loss,0.7572,0.7572,0.1673,-1,30,main_trial,ok,1,win,0,1
NA,yerl9g4z,4,177,27,true,3,1,3,up,516,loss,0.6928,0.6928,0.3486,-1,29,main_trial,ok,1,loss,0,1
NA,yerl9g4z,4,178,28,true,1,2,2,down,1986,loss,0.1344,0.4234,0.1344,-1,28,main_trial,ok,0,loss,0,0
NA,yerl9g4z,4,179,29,true,1,3,1,up,565,loss,0.4031,0.4031,0.7326,-1,27,main_trial,ok,0,loss,0,0
NA,yerl9g4z,4,180,30,true,2,4,2,up,714,loss,0.1681,0.1681,0.8316,-1,26,main_trial,ok,0,loss,0,1
NA,yerl9g4z,4,181,31,true,3,4,3,up,654,win,0.7468,0.7468,0.757,1,27,main_trial,ok,0,loss,0,1
NA,yerl9g4z,4,182,32,true,2,4,2,up,589,loss,0.1988,0.1988,0.7282,-1,26,main_trial,ok,0,win,0,1
NA,yerl9g4z,4,183,33,true,3,2,3,up,534,win,0.7617,0.7617,0.2975,1,27,main_trial,ok,1,loss,0,1
NA,yerl9g4z,4,184,34,true,1,2,2,down,1172,loss,0.245,0.3286,0.245,-1,26,main_trial,ok,0,win,0,0
NA,yerl9g4z,4,185,35,true,4,3,3,down,780,loss,0.7617,0.8188,0.7617,-1,25,main_trial,ok,0,loss,0,1
NA,yerl9g4z,4,186,36,true,3,1,3,up,567,loss,0.7947,0.7947,0.3582,-1,24,main_trial,ok,1,loss,1,0
NA,yerl9g4z,4,187,37,true,4,1,1,down,743,loss,0.2997,0.8172,0.2997,-1,23,main_trial,ok,0,loss,0,0
NA,yerl9g4z,4,188,38,true,3,4,4,down,1491,win,0.756,0.8017,0.756,1,24,main_trial,ok,0,loss,0,1
NA,yerl9g4z,4,189,39,true,3,1,1,down,1074,loss,0.3107,0.8273,0.3107,-1,23,main_trial,ok,0,win,0,1
NA,yerl9g4z,4,190,40,true,4,3,4,up,578,win,0.7988,0.7988,0.8517,1,24,main_trial,ok,0,loss,0,0
NA,yerl9g4z,4,191,41,true,2,3,2,up,1232,win,0.293,0.293,0.8757,1,25,main_trial,ok,0,win,0,1
NA,yerl9g4z,4,192,42,true,4,1,4,up,785,win,0.8898,0.8898,0.3255,1,26,main_trial,ok,1,win,0,1
NA,yerl9g4z,4,193,43,true,2,3,2,up,935,win,0.335,0.335,0.8201,1,27,main_trial,ok,0,win,0,1
NA,yerl9g4z,4,194,44,true,4,2,4,up,472,loss,0.8456,0.8456,0.3543,-1,26,main_trial,ok,1,win,0,1
NA,yerl9g4z,4,195,45,true,4,1,4,up,635,win,0.8238,0.8238,0.3795,1,27,main_trial,ok,1,loss,1,1
NA,yerl9g4z,4,196,46,true,2,1,2,up,723,loss,0.295,0.295,0.405,-1,26,main_trial,ok,0,win,0,1
NA,yerl9g4z,4,197,47,true,3,2,3,up,709,loss,0.8644,0.8644,0.278,-1,25,main_trial,ok,1,loss,0,1
NA,yerl9g4z,4,198,48,true,3,2,2,down,769,win,0.2192,0.8906,0.2192,1,26,main_trial,ok,0,loss,0,0
NA,yerl9g4z,4,199,49,true,3,2,2,down,776,win,0.2841,0.8551,0.2841,1,27,main_trial,ok,0,win,1,1
NA,yerl9g4z,4,200,50,true,2,1,2,up,611,loss,0.3396,0.3396,0.5304,-1,26,main_trial,ok,0,win,1,0
